2001,Acura,RL,3.5 4dr Sedan (3.5L 6cyl 4A)
2001,Acura,RL,3.5 4dr Sedan w/Navigation (3.5L 6cyl 4A)
2001,Acura,TL,3.2 4dr Sedan w/Navigation (3.2L 6cyl 5A)
2001,Acura,TL,3.2 4dr Sedan (3.2L 6cyl 5A)
2001,Acura,CL,3.2 Type-S 2dr Coupe w/Navigation (3.2L 6cyl 5A)
2001,Acura,CL,3.2 Type-S 2dr Coupe (3.2L 6cyl 5A)
2001,Acura,CL,3.2 2dr Coupe w/Navigation (3.2L 6cyl 5A)
2001,Acura,CL,3.2 2dr Coupe (3.2L 6cyl 5A)
2001,Acura,Integra,LS 2dr Hatchback (1.8L 4cyl 5M)
2001,Acura,Integra,LS 2dr Hatchback (1.8L 4cyl 4A)
2001,Acura,Integra,LS 4dr Sedan (1.8L 4cyl 5M)
2001,Acura,Integra,LS 4dr Sedan (1.8L 4cyl 4A)
2001,Acura,Integra,Type R 2dr Hatchback (1.8L 4cyl 5M)
2001,Acura,Integra,GS 2dr Hatchback (1.8L 4cyl 5M)
2001,Acura,Integra,GS 2dr Hatchback (1.8L 4cyl 4A)
2001,Acura,Integra,GS 4dr Sedan (1.8L 4cyl 5M)
2001,Acura,Integra,GS 4dr Sedan (1.8L 4cyl 4A)
2001,Acura,Integra,GS-R 4dr Sedan (1.8L 4cyl 5M)
2001,Acura,Integra,GS-R 2dr Hatchback (1.8L 4cyl 5M)
2001,Acura,MDX,4WD 4dr SUV (3.5L 6cyl 5A)
2001,Acura,MDX,Touring 4WD 4dr SUV (3.5L 6cyl 5A)
2001,Acura,MDX,4WD 4dr SUV w/Navigation (3.5L 6cyl 5A)
2001,Acura,MDX,Touring 4WD 4dr SUV w/Navigation (3.5L 6cyl 5A)
2001,Acura,NSX,2dr Coupe (3.2L 6cyl 6M)
2001,Acura,NSX,2dr Coupe (3.0L 6cyl 4A)
2001,Acura,NSX,T 2dr Coupe (3.2L 6cyl 6M)
2001,Acura,NSX,T 2dr Coupe (3.0L 6cyl 4A)
2001,Aston Martin,DB7,Vantage 2dr Coupe (5.9L 12cyl 6M)
2001,Aston Martin,DB7,Vantage Volante 2dr Convertible (5.9L 12cyl 6M)
2001,Audi,A8,Quattro AWD 4dr Sedan (4.2L 8cyl 5A)
2001,Audi,A8,L Quattro AWD 4dr Sedan (4.2L 8cyl 5A)
2001,Audi,A6,4.2 Quattro AWD 4dr Sedan (4.2L 8cyl 5A)
2001,Audi,A6,2.8 Quattro AWD 4dr Sedan (2.8L 6cyl 5A)
2001,Audi,A6,2.8 Avant Quattro AWD 4dr Wagon (2.8L 6cyl 5A)
2001,Audi,A6,2.8 Fwd 4dr Sedan (2.8L 6cyl 5A)
2001,Audi,A6,2.7T Quattro AWD 4dr Sedan (2.7L 6cyl Turbo 5A)
2001,Audi,A4,1.8T Fwd 4dr Sedan (1.8L 4cyl Turbo 5M)
2001,Audi,A4,2.8 Avant Quattro AWD 4dr Wagon (2.8L 6cyl 5M)
2001,Audi,A4,2.8 Fwd 4dr Sedan (2.8L 6cyl 5A)
2001,Audi,A4,1.8T Quattro AWD 4dr Sedan (1.8L 4cyl Turbo 5M)
2001,Audi,A4,1.8T Avant Quattro AWD 4dr Wagon (1.8L 4cyl Turbo 5M)
2001,Audi,A4,2.8 Quattro AWD 4dr Sedan (2.8L 6cyl 5M)
2001,Audi,allroad quattro,AWD 4dr Wagon (2.7L 6cyl Turbo 6M)
2001,Audi,TT,180hp Quattro AWD 2dr Coupe (1.8L 4cyl Turbo 5M)
2001,Audi,TT,225hp Quattro AWD 2dr Coupe (1.8L 4cyl Turbo 6M)
2001,Audi,TT,180hp Fwd 2dr Coupe (1.8L 4cyl Turbo 5M)
2001,Audi,TT,180hp Fwd 2dr Roadster (1.8L 4cyl Turbo 5M)
2001,Audi,TT,225hp Quattro AWD 2dr Roadster (1.8L 4cyl Turbo 6M)
2001,Audi,S8,Quattro AWD 4dr Sedan (4.2L 8cyl 5A)
2001,Audi,S4,Quattro AWD 4dr Sedan (2.7L 6cyl Turbo 5A)
2001,Audi,S4,Avant Quattro AWD 4dr Wagon (2.7L 6cyl Turbo 5A)
2001,BMW,3 Series,325i Rwd 4dr Sport Wagon (2.5L 6cyl 5M)
2001,BMW,3 Series,325i Rwd 4dr Sedan (2.5L 6cyl 5M)
2001,BMW,3 Series,325xi AWD 4dr Sport Wagon (2.5L 6cyl 5M)
2001,BMW,3 Series,325xi AWD 4dr Sedan (2.5L 6cyl 5M)
2001,BMW,3 Series,325Ci Rwd 2dr Convertible (2.5L 6cyl 5M)
2001,BMW,3 Series,325Ci Rwd 2dr Coupe (2.5L 6cyl 5M)
2001,BMW,3 Series,330Ci Rwd 2dr Coupe (3.0L 6cyl 5M)
2001,BMW,3 Series,330Ci Rwd 2dr Convertible (3.0L 6cyl 5M)
2001,BMW,3 Series,330xi AWD 4dr Sedan (3.0L 6cyl 5M)
2001,BMW,3 Series,330i Rwd 4dr Sedan (3.0L 6cyl 5M)
2001,BMW,7 Series,750iL 4dr Sedan (5.4L 12cyl 5A)
2001,BMW,7 Series,740iL Protection 4dr Sedan (4.4L 8cyl 5A)
2001,BMW,7 Series,750iL Protection 4dr Sedan (5.4L 12cyl 5A)
2001,BMW,7 Series,740iL 4dr Sedan (4.4L 8cyl 5A)
2001,BMW,7 Series,740i 4dr Sedan (4.4L 8cyl 5A)
2001,BMW,Z8,2dr Roadster (4.9L 8cyl 6M)
2001,BMW,X5,4.4i AWD 4dr SUV (4.4L 8cyl 5A)
2001,BMW,X5,3.0i AWD 4dr SUV (3.0L 6cyl 5M)
2001,BMW,M3,2dr Convertible (3.2L 6cyl 6M)
2001,BMW,M3,2dr Coupe (3.2L 6cyl 6M)
2001,BMW,M5,4dr Sedan (4.9L 8cyl 6M)
2001,BMW,M,2dr Roadster (3.2L 6cyl 5M)
2001,BMW,M,2dr Coupe (3.2L 6cyl 5M)
2001,BMW,Z3,2.5i 2dr Roadster (2.5L 6cyl 5M)
2001,BMW,Z3,3.0i 2dr Roadster (3.0L 6cyl 5M)
2001,BMW,Z3,3.0i 2dr Hatchback (3.0L 6cyl 5M)
2001,BMW,5 Series,530i 4dr Sedan (3.0L 6cyl 5M)
2001,BMW,5 Series,540i 4dr Sedan (4.4L 8cyl 5A)
2001,BMW,5 Series,525i 4dr Sport Wagon (2.5L 6cyl 5M)
2001,BMW,5 Series,525i 4dr Sedan (2.5L 6cyl 5M)
2001,BMW,5 Series,540i 4dr Sedan (4.4L 8cyl 6M)
2001,BMW,5 Series,540i 4dr Sport Wagon (4.4L 8cyl 5A)
2001,Bentley,Arnage,Red Label 4dr Sedan (6.8L 8cyl Turbo 4A)
2001,Bentley,Azure,2dr Convertible (6.8L 8cyl Turbo 4A)
2001,Bentley,Azure,Mulliner 2dr Convertible (6.8L 8cyl Turbo 4A)
2001,Bentley,Continental,T 2dr Coupe (6.8L 8cyl Turbo 4A)
2001,Bentley,Continental,T Mulliner 2dr Coupe (6.8L 8cyl Turbo 4A)
2001,Bentley,Continental,R 2dr Coupe (6.8L 8cyl Turbo 4A)
2001,Bentley,Continental,R Mulliner 2dr Coupe (6.8L 8cyl Turbo 4A)
2001,Buick,Regal,LS 4dr Sedan (3.8L 6cyl 4A)
2001,Buick,Regal,GS 4dr Sedan (3.8L 6cyl S/C 4A)
2001,Buick,LeSabre,Custom 4dr Sedan (3.8L 6cyl 4A)
2001,Buick,LeSabre,Limited 4dr Sedan (3.8L 6cyl 4A)
2001,Buick,Park Avenue,4dr Sedan (3.8L 6cyl 4A)
2001,Buick,Park Avenue,Ultra 4dr Sedan (3.8L 6cyl S/C 4A)
2001,Buick,Century,Custom 4dr Sedan (3.1L 6cyl 4A)
2001,Buick,Century,Limited 4dr Sedan (3.1L 6cyl 4A)
2001,Cadillac,Catera,4dr Sedan (3.0L 6cyl 4A)
2001,Cadillac,Seville,STS 4dr Sedan (4.6L 8cyl 4A)
2001,Cadillac,Seville,SLS 4dr Sedan (4.6L 8cyl 4A)
2001,Cadillac,DeVille,DTS 4dr Sedan (4.6L 8cyl 4A)
2001,Cadillac,DeVille,4dr Sedan (4.6L 8cyl 4A)
2001,Cadillac,DeVille,DHS 4dr Sedan (4.6L 8cyl 4A)
2001,Cadillac,Eldorado,ESC 2dr Coupe (4.6L 8cyl 4A)
2001,Cadillac,Eldorado,ETC 2dr Coupe (4.6L 8cyl 4A)
2001,Chevrolet,Silverado 1500HD,4dr Crew Cab LT 2WD SB w/OnStar (6.0L 8cyl 4A)
2001,Chevrolet,Silverado 1500HD,4dr Crew Cab LT 4WD SB w/OnStar (6.0L 8cyl 4A)
2001,Chevrolet,Silverado 1500HD,4dr Crew Cab LS 2WD SB (6.0L 8cyl 4A)
2001,Chevrolet,Silverado 1500HD,4dr Crew Cab LS 4WD SB (6.0L 8cyl 4A)
2001,Chevrolet,Astro,Rwd 3dr Minivan (4.3L 6cyl 4A)
2001,Chevrolet,Astro,AWD 3dr Minivan (4.3L 6cyl 4A)
2001,Chevrolet,Cavalier,4dr Sedan (2.2L 4cyl 5M)
2001,Chevrolet,Cavalier,2dr Coupe (2.2L 4cyl 5M)
2001,Chevrolet,Cavalier,LS 4dr Sedan (2.2L 4cyl 4A)
2001,Chevrolet,Cavalier,Z24 2dr Coupe (2.4L 4cyl 5M)
2001,Chevrolet,Corvette,Z06 2dr Coupe (5.7L 8cyl 6M)
2001,Chevrolet,Corvette,2dr Convertible (5.7L 8cyl 4A)
2001,Chevrolet,Corvette,2dr Coupe (5.7L 8cyl 4A)
2001,Chevrolet,Camaro,Z28 2dr Hatchback (5.7L 8cyl 4A)
2001,Chevrolet,Camaro,Z28 2dr Convertible (5.7L 8cyl 4A)
2001,Chevrolet,Camaro,2dr Hatchback (3.8L 6cyl 5M)
2001,Chevrolet,Camaro,2dr Convertible (3.8L 6cyl 5M)
2001,Chevrolet,Impala,LS 4dr Sedan (3.8L 6cyl 4A)
2001,Chevrolet,Impala,4dr Sedan (3.4L 6cyl 4A)
2001,Chevrolet,Tracker,ZR2 4WD 4dr SUV (2.5L 6cyl 4A)
2001,Chevrolet,Tracker,LT 4WD 4dr SUV (2.5L 6cyl 4A)
2001,Chevrolet,Tracker,ZR2 4WD 2dr Convertible SUV (2.0L 4cyl 5M)
2001,Chevrolet,Tracker,4WD 4dr SUV (2.0L 4cyl 5M)
2001,Chevrolet,Tracker,LT 2WD 4dr SUV (2.5L 6cyl 4A)
2001,Chevrolet,Tracker,4WD 2dr Convertible SUV (2.0L 4cyl 5M)
2001,Chevrolet,Tracker,2WD 4dr SUV (2.0L 4cyl 5M)
2001,Chevrolet,Tracker,2WD 2dr Convertible SUV (2.0L 4cyl 5M)
2001,Chevrolet,Metro,LSi 4dr Sedan (1.3L 4cyl 3A)
2001,Chevrolet,Express Cargo,3500 3dr Van (5.7L 8cyl 4A)
2001,Chevrolet,Express Cargo,2500 3dr Van (4.3L 6cyl 4A)
2001,Chevrolet,Express Cargo,3500 3dr Ext Van (5.7L 8cyl 4A)
2001,Chevrolet,Express Cargo,1500 3dr Van (4.3L 6cyl 4A)
2001,Chevrolet,Express Cargo,2500 3dr Ext Van (4.3L 6cyl 4A)
2001,Chevrolet,Silverado 2500,4dr Extended Cab LT 4WD SB w/OnStar (6.0L 8cyl 4A)
2001,Chevrolet,Silverado 2500,2dr Regular Cab LS 2WD LB (6.0L 8cyl 5M)
2001,Chevrolet,Silverado 2500,4dr Extended Cab LS 4WD SB (6.0L 8cyl 5M)
2001,Chevrolet,Silverado 2500,2dr Regular Cab 2WD LB (6.0L 8cyl 5M)
2001,Chevrolet,Silverado 2500,4dr Extended Cab 4WD SB (6.0L 8cyl 5M)
2001,Chevrolet,Silverado 2500,4dr Extended Cab LT 4WD SB w/out OnStar (6.0L 8cyl 4A)
2001,Chevrolet,Suburban,2500 4WD 4dr SUV (6.0L 8cyl 4A)
2001,Chevrolet,Suburban,1500 2WD 4dr SUV (5.3L 8cyl 4A)
2001,Chevrolet,Suburban,2500 2WD 4dr SUV (6.0L 8cyl 4A)
2001,Chevrolet,Suburban,1500 4WD 4dr SUV (5.3L 8cyl 4A)
2001,Chevrolet,Silverado 3500,4dr Crew Cab LT 2WD LB DRW w/OnStar (6.0L 8cyl 4A)
2001,Chevrolet,Silverado 3500,4dr Extended Cab LS 4WD LB DRW (6.0L 8cyl 5M)
2001,Chevrolet,Silverado 3500,4dr Extended Cab LT 2WD LB DRW w/OnStar (6.0L 8cyl 4A)
2001,Chevrolet,Silverado 3500,4dr Crew Cab LT 4WD LB DRW w/OnStar (6.0L 8cyl 4A)
2001,Chevrolet,Silverado 3500,4dr Crew Cab LS 2WD LB DRW (6.0L 8cyl 5M)
2001,Chevrolet,Silverado 3500,2dr Regular Cab LS 4WD LB DRW (6.0L 8cyl 5M)
2001,Chevrolet,Silverado 3500,4dr Extended Cab LS 2WD LB DRW (6.0L 8cyl 5M)
2001,Chevrolet,Silverado 3500,4dr Crew Cab LS 4WD LB DRW (6.0L 8cyl 5M)
2001,Chevrolet,Silverado 3500,4dr Extended Cab LT 4WD LB DRW w/OnStar (6.0L 8cyl 4A)
2001,Chevrolet,Silverado 3500,4dr Crew Cab 4WD LB DRW (6.0L 8cyl 5M)
2001,Chevrolet,Silverado 3500,4dr Extended Cab 2WD LB DRW (6.0L 8cyl 5M)
2001,Chevrolet,Silverado 3500,4dr Extended Cab 4WD LB DRW (6.0L 8cyl 5M)
2001,Chevrolet,Silverado 3500,2dr Regular Cab 4WD LB DRW (6.0L 8cyl 5M)
2001,Chevrolet,Silverado 3500,4dr Crew Cab 2WD LB DRW (6.0L 8cyl 5M)
2001,Chevrolet,Silverado 2500HD,4dr Extended Cab 2WD LB (6.0L 8cyl 5M)
2001,Chevrolet,Silverado 2500HD,4dr Crew Cab 4WD SB (6.0L 8cyl 5M)
2001,Chevrolet,Silverado 2500HD,4dr Crew Cab 4WD LB (6.0L 8cyl 5M)
2001,Chevrolet,Silverado 2500HD,4dr Crew Cab 2WD SB (6.0L 8cyl 5M)
2001,Chevrolet,Silverado 2500HD,2dr Regular Cab LS 2WD LB (6.0L 8cyl 5M)
2001,Chevrolet,Silverado 2500HD,4dr Extended Cab 4WD SB (6.0L 8cyl 5M)
2001,Chevrolet,Silverado 2500HD,4dr Extended Cab 4WD LB (6.0L 8cyl 5M)
2001,Chevrolet,Silverado 2500HD,4dr Extended Cab 2WD SB (6.0L 8cyl 5M)
2001,Chevrolet,Silverado 2500HD,4dr Crew Cab LS 4WD LB (6.0L 8cyl 5M)
2001,Chevrolet,Silverado 2500HD,4dr Crew Cab LS 2WD SB (6.0L 8cyl 5M)
2001,Chevrolet,Silverado 2500HD,4dr Crew Cab LS 2WD LB (6.0L 8cyl 5M)
2001,Chevrolet,Silverado 2500HD,2dr Regular Cab LS 4WD LB (6.0L 8cyl 5M)
2001,Chevrolet,Silverado 2500HD,4dr Extended Cab LS 4WD LB (6.0L 8cyl 5M)
2001,Chevrolet,Silverado 2500HD,4dr Extended Cab LS 2WD SB (6.0L 8cyl 5M)
2001,Chevrolet,Silverado 2500HD,4dr Extended Cab LS 2WD LB (6.0L 8cyl 5M)
2001,Chevrolet,Silverado 2500HD,4dr Crew Cab LS 4WD SB (6.0L 8cyl 5M)
2001,Chevrolet,Silverado 2500HD,2dr Regular Cab 4WD LB (6.0L 8cyl 5M)
2001,Chevrolet,Silverado 2500HD,4dr Crew Cab 2WD LB (6.0L 8cyl 5M)
2001,Chevrolet,Silverado 2500HD,2dr Regular Cab 2WD LB (6.0L 8cyl 5M)
2001,Chevrolet,Silverado 2500HD,4dr Crew Cab LT 4WD SB w/OnStar (6.0L 8cyl 4A)
2001,Chevrolet,Silverado 2500HD,4dr Extended Cab LT 2WD LB w/OnStar (6.0L 8cyl 4A)
2001,Chevrolet,Silverado 2500HD,4dr Extended Cab LT 2WD SB w/OnStar (6.0L 8cyl 4A)
2001,Chevrolet,Silverado 2500HD,4dr Extended Cab LT 4WD LB w/OnStar (6.0L 8cyl 4A)
2001,Chevrolet,Silverado 2500HD,4dr Extended Cab LS 4WD SB (6.0L 8cyl 5M)
2001,Chevrolet,Silverado 2500HD,4dr Crew Cab LT 2WD LB w/OnStar (6.0L 8cyl 4A)
2001,Chevrolet,Silverado 2500HD,4dr Crew Cab LT 2WD SB w/OnStar (6.0L 8cyl 4A)
2001,Chevrolet,Silverado 2500HD,4dr Crew Cab LT 4WD LB w/OnStar (6.0L 8cyl 4A)
2001,Chevrolet,Silverado 2500HD,4dr Extended Cab LT 4WD SB w/OnStar (6.0L 8cyl 4A)
2001,Chevrolet,S-10,2dr Extended Cab 2WD SB (2.2L 4cyl 5M)
2001,Chevrolet,S-10,2dr Extended Cab 4WD SB (4.3L 6cyl 5M)
2001,Chevrolet,S-10,2dr Regular Cab 2WD LB (2.2L 4cyl 5M)
2001,Chevrolet,S-10,2dr Regular Cab 2WD SB (2.2L 4cyl 5M)
2001,Chevrolet,S-10,4dr Crew Cab LS 4WD SB (4.3L 6cyl 4A)
2001,Chevrolet,S-10,2dr Extended Cab LS 2WD SB (2.2L 4cyl 5M)
2001,Chevrolet,S-10,2dr Regular Cab LS 2WD LB (2.2L 4cyl 5M)
2001,Chevrolet,S-10,2dr Regular Cab LS 2WD SB (2.2L 4cyl 5M)
2001,Chevrolet,S-10,2dr Extended Cab LS 4WD SB (4.3L 6cyl 5M)
2001,Chevrolet,Blazer,Xtreme 2dr 2WD SUV (4.3L 6cyl 5M)
2001,Chevrolet,Blazer,TrailBlazer 4WD 4dr SUV w/OnStar (4.3L 6cyl 4A)
2001,Chevrolet,Blazer,TrailBlazer 2WD 4dr SUV w/OnStar (4.3L 6cyl 4A)
2001,Chevrolet,Blazer,LT 4WD 4dr SUV w/OnStar (4.3L 6cyl 4A)
2001,Chevrolet,Blazer,LT 2WD 4dr SUV w/OnStar (4.3L 6cyl 4A)
2001,Chevrolet,Blazer,LS 4WD 4dr SUV (4.3L 6cyl 4A)
2001,Chevrolet,Blazer,LS 2WD 4dr SUV (4.3L 6cyl 4A)
2001,Chevrolet,Blazer,LS 4WD 2dr SUV (4.3L 6cyl 5M)
2001,Chevrolet,Blazer,LS 2WD 2dr SUV (4.3L 6cyl 5M)
2001,Chevrolet,Astro Cargo,AWD 3dr Minivan (4.3L 6cyl 4A)
2001,Chevrolet,Astro Cargo,Rwd 3dr Minivan (4.3L 6cyl 4A)
2001,Chevrolet,Prizm,4dr Sedan (1.8L 4cyl 5M)
2001,Chevrolet,Prizm,LSi 4dr Sedan (1.8L 4cyl 5M)
2001,Chevrolet,Tahoe,2WD 4dr SUV (4.8L 8cyl 4A)
2001,Chevrolet,Tahoe,4WD 4dr SUV (4.8L 8cyl 4A)
2001,Chevrolet,Express,3500 3dr Ext Van (5.7L 8cyl 4A)
2001,Chevrolet,Express,3500 3dr Van (5.7L 8cyl 4A)
2001,Chevrolet,Express,2500 3dr Ext Van (5.7L 8cyl 4A)
2001,Chevrolet,Express,2500 3dr Van (5.7L 8cyl 4A)
2001,Chevrolet,Express,1500 3dr Van (4.3L 6cyl 4A)
2001,Chevrolet,Express,LT 3dr Van (5.7L 8cyl 4A)
2001,Chevrolet,Malibu,4dr Sedan (3.1L 6cyl 4A)
2001,Chevrolet,Malibu,LS 4dr Sedan (3.1L 6cyl 4A)
2001,Chevrolet,Venture,LS 4dr Ext Minivan (3.4L 6cyl 4A)
2001,Chevrolet,Venture,Warner Bros. 4dr Ext Minivan w/ABF Seats (3.4L 6cyl 4A)
2001,Chevrolet,Venture,Value 4dr Minivan (3.4L 6cyl 4A)
2001,Chevrolet,Venture,Warner Bros. 4dr Ext Minivan w/ABE Seats (3.4L 6cyl 4A)
2001,Chevrolet,Venture,Plus 4dr Ext Minivan (3.4L 6cyl 4A)
2001,Chevrolet,Venture,Plus 4dr Minivan (3.4L 6cyl 4A)
2001,Chevrolet,Venture,LT 4dr Ext Minivan w/ABC/ABF Package (3.4L 6cyl 4A)
2001,Chevrolet,Venture,LT 4dr Ext Minivan w/ABD/ABE Package (3.4L 6cyl 4A)
2001,Chevrolet,Venture,LS 4dr Minivan (3.4L 6cyl 4A)
2001,Chevrolet,Silverado 1500,2dr Regular Cab 2WD SB (4.3L 6cyl 5M)
2001,Chevrolet,Silverado 1500,2dr Regular Cab 2WD LB (4.3L 6cyl 5M)
2001,Chevrolet,Silverado 1500,2dr Regular Cab 4WD SB (4.3L 6cyl 5M)
2001,Chevrolet,Silverado 1500,2dr Regular Cab 4WD LB (4.3L 6cyl 5M)
2001,Chevrolet,Silverado 1500,4dr Extended Cab LT 4WD SB w/out OnStar (5.3L 8cyl 4A)
2001,Chevrolet,Silverado 1500,4dr Extended Cab 2WD SB (4.3L 6cyl 4A)
2001,Chevrolet,Silverado 1500,4dr Extended Cab 2WD LB (4.8L 8cyl 4A)
2001,Chevrolet,Silverado 1500,4dr Extended Cab 4WD SB (4.8L 8cyl 4A)
2001,Chevrolet,Silverado 1500,4dr Extended Cab 4WD LB (4.8L 8cyl 4A)
2001,Chevrolet,Silverado 1500,2dr Regular Cab LS 2WD SB (4.3L 6cyl 5M)
2001,Chevrolet,Silverado 1500,2dr Regular Cab LS 2WD LB (4.3L 6cyl 5M)
2001,Chevrolet,Silverado 1500,2dr Regular Cab LS 4WD SB (4.3L 6cyl 5M)
2001,Chevrolet,Silverado 1500,2dr Regular Cab LS 4WD LB (4.3L 6cyl 5M)
2001,Chevrolet,Silverado 1500,4dr Extended Cab LS 2WD SB (4.3L 6cyl 4A)
2001,Chevrolet,Silverado 1500,4dr Extended Cab LS 2WD LB (4.8L 8cyl 4A)
2001,Chevrolet,Silverado 1500,4dr Extended Cab LS 4WD SB (4.8L 8cyl 4A)
2001,Chevrolet,Silverado 1500,4dr Extended Cab LS 4WD LB (4.8L 8cyl 4A)
2001,Chevrolet,Silverado 1500,4dr Extended Cab LT 4WD LB w/OnStar (5.3L 8cyl 4A)
2001,Chevrolet,Silverado 1500,4dr Extended Cab LT 4WD SB w/OnStar (5.3L 8cyl 4A)
2001,Chevrolet,Silverado 1500,4dr Extended Cab LT 2WD LB w/OnStar (5.3L 8cyl 4A)
2001,Chevrolet,Silverado 1500,4dr Extended Cab LT 2WD SB w/OnStar (5.3L 8cyl 4A)
2001,Chevrolet,Silverado 1500,4dr Extended Cab LT 2WD LB w/out OnStar (5.3L 8cyl 4A)
2001,Chevrolet,Silverado 1500,4dr Extended Cab LT 4WD LB w/out OnStar (5.3L 8cyl 4A)
2001,Chevrolet,Silverado 1500,4dr Extended Cab LT 2WD SB w/out OnStar (5.3L 8cyl 4A)
2001,Chrysler,Concorde,LXi 4dr Sedan (3.2L 6cyl 4A)
2001,Chrysler,Concorde,LX 4dr Sedan (2.7L 6cyl 4A)
2001,Chrysler,Sebring,Limited 2dr Convertible (2.7L 6cyl 4A)
2001,Chrysler,Sebring,LXi 4dr Sedan (2.7L 6cyl 4A)
2001,Chrysler,Sebring,LXi 2dr Coupe (3.0L 6cyl 5M)
2001,Chrysler,Sebring,LXi 2dr Convertible (2.7L 6cyl 4A)
2001,Chrysler,Sebring,LX 4dr Sedan (2.4L 4cyl 4A)
2001,Chrysler,Sebring,LX 2dr Coupe (2.4L 4cyl 4A)
2001,Chrysler,Sebring,LX 2dr Convertible (2.7L 6cyl 4A)
2001,Chrysler,Town and Country,LXi Fwd 4dr Minivan (3.3L 6cyl 4A)
2001,Chrysler,Town and Country,LXi AWD 4dr Minivan (3.8L 6cyl 4A)
2001,Chrysler,Town and Country,LX Fwd 4dr Minivan (3.3L 6cyl 4A)
2001,Chrysler,Town and Country,LX AWD 4dr Minivan (3.8L 6cyl 4A)
2001,Chrysler,Town and Country,Limited Fwd 4dr Minivan (3.8L 6cyl 4A)
2001,Chrysler,Town and Country,Limited AWD 4dr Minivan (3.8L 6cyl 4A)
2001,Chrysler,Town and Country,EX Fwd 4dr Minivan (3.8L 6cyl 4A)
2001,Chrysler,Voyager,LX 4dr Minivan (3.3L 6cyl 4A)
2001,Chrysler,Voyager,4dr Minivan (2.4L 4cyl 3A)
2001,Chrysler,Prowler,2dr Convertible (3.5L 6cyl 4A)
2001,Chrysler,LHS,4dr Sedan (3.5L 6cyl 4A)
2001,Chrysler,PT Cruiser,4dr Wagon (2.4L 4cyl 5M)
2001,Daewoo,Leganza,SX 4dr Sedan (2.2L 4cyl 4A)
2001,Daewoo,Leganza,SE 4dr Sedan (2.2L 4cyl 5M)
2001,Daewoo,Leganza,SE 4dr Sedan (2.2L 4cyl 4A)
2001,Daewoo,Leganza,CDX 4dr Sedan (2.2L 4cyl 4A)
2001,Daewoo,Nubira,SE 4dr Sedan (2.0L 4cyl 5M)
2001,Daewoo,Nubira,CDX 4dr Wagon (2.0L 4cyl 5M)
2001,Daewoo,Nubira,CDX 4dr Sedan (2.0L 4cyl 5M)
2001,Daewoo,Lanos,S 2dr Hatchback (1.6L 4cyl 4A)
2001,Daewoo,Lanos,Sport 2dr Hatchback (1.6L 4cyl 5M)
2001,Daewoo,Lanos,S 4dr Sedan (1.6L 4cyl 5M)
2001,Daewoo,Lanos,S 4dr Sedan (1.6L 4cyl 4A)
2001,Daewoo,Lanos,S 2dr Hatchback (1.6L 4cyl 5M)
2001,Dodge,Ram Pickup 2500,2dr Regular Cab ST 4WD LB (5.9L 8cyl 5M)
2001,Dodge,Ram Pickup 2500,2dr Regular Cab ST 2WD LB (5.9L 8cyl 5M)
2001,Dodge,Ram Pickup 2500,4dr Quad Cab ST 2WD SB (5.9L 8cyl 5M)
2001,Dodge,Ram Pickup 2500,4dr Quad Cab ST 2WD LB (5.9L 8cyl 5M)
2001,Dodge,Ram Pickup 2500,4dr Quad Cab ST 4WD SB (5.9L 8cyl 5M)
2001,Dodge,Ram Pickup 2500,4dr Quad Cab ST 4WD LB (5.9L 8cyl 5M)
2001,Dodge,Viper,GTS 2dr Coupe (8.0L 10cyl 6M)
2001,Dodge,Viper,RT/10 2dr Roadster (8.0L 10cyl 6M)
2001,Dodge,Caravan,SE Fwd 4dr Minivan (2.4L 4cyl 3A)
2001,Dodge,Caravan,Sport Fwd 4dr Minivan (3.3L 6cyl 4A)
2001,Dodge,Ram Pickup 3500,2dr Regular Cab ST 2WD LB (5.9L 8cyl 5M)
2001,Dodge,Ram Pickup 3500,2dr Regular Cab ST 4WD LB (5.9L 8cyl 5M)
2001,Dodge,Ram Pickup 3500,4dr Quad Cab ST 2WD LB (5.9L 8cyl 5M)
2001,Dodge,Ram Pickup 3500,4dr Quad Cab ST 4WD LB (5.9L 8cyl 5M)
2001,Dodge,Ram Pickup 1500,2dr Regular Cab ST 2WD LB (3.9L 6cyl 5M)
2001,Dodge,Ram Pickup 1500,2dr Regular Cab ST 2WD SB (3.9L 6cyl 5M)
2001,Dodge,Ram Pickup 1500,2dr Club Cab ST 2WD SB (5.2L 8cyl 5M)
2001,Dodge,Ram Pickup 1500,2dr Club Cab ST 4WD SB (5.2L 8cyl 5M)
2001,Dodge,Ram Pickup 1500,4dr Quad Cab ST 2WD LB (5.2L 8cyl 5M)
2001,Dodge,Ram Pickup 1500,4dr Quad Cab ST 2WD SB (5.2L 8cyl 5M)
2001,Dodge,Ram Pickup 1500,2dr Regular Cab ST 4WD LB (5.2L 8cyl 5M)
2001,Dodge,Ram Pickup 1500,2dr Regular Cab ST 4WD SB (5.2L 8cyl 5M)
2001,Dodge,Ram Pickup 1500,2dr Regular Cab WS 2WD LB (3.9L 6cyl 5M)
2001,Dodge,Ram Pickup 1500,2dr Regular Cab WS 2WD SB (3.9L 6cyl 5M)
2001,Dodge,Ram Pickup 1500,4dr Quad Cab ST 4WD LB (5.2L 8cyl 5M)
2001,Dodge,Ram Pickup 1500,4dr Quad Cab ST 4WD SB (5.2L 8cyl 5M)
2001,Dodge,Ram Cargo,1500 3dr Ext Van (3.9L 6cyl 3A)
2001,Dodge,Ram Cargo,1500 3dr Van (3.9L 6cyl 3A)
2001,Dodge,Ram Cargo,1500 Maxi 3dr Ext Van (3.9L 6cyl 3A)
2001,Dodge,Ram Cargo,2500 3dr Ext Van (5.2L 8cyl 4A)
2001,Dodge,Ram Cargo,2500 Maxi 3dr Ext Van (5.2L 8cyl 4A)
2001,Dodge,Ram Cargo,3500 3dr Ext Van (5.2L 8cyl 4A)
2001,Dodge,Ram Cargo,3500 Maxi 3dr Ext Van (5.2L 8cyl 4A)
2001,Dodge,Dakota,2dr Regular Cab 4WD (3.9L 6cyl 5M)
2001,Dodge,Dakota,4dr Quad Cab Sport 2WD (3.9L 6cyl 5M)
2001,Dodge,Dakota,2dr Club Cab 4WD (3.9L 6cyl 5M)
2001,Dodge,Dakota,2dr Regular Cab 2WD (2.5L 4cyl 5M)
2001,Dodge,Dakota,2dr Club Cab 2WD (2.5L 4cyl 5M)
2001,Dodge,Dakota,4dr Quad Cab Sport 4WD (3.9L 6cyl 5M)
2001,Dodge,Stratus,SE 4dr Sedan (2.4L 4cyl 4A)
2001,Dodge,Stratus,R/T 2dr Coupe (3.0L 6cyl 5M)
2001,Dodge,Stratus,SE 2dr Coupe (2.4L 4cyl 5M)
2001,Dodge,Stratus,ES 4dr Sedan (2.7L 6cyl 4A)
2001,Dodge,Durango,Sport 2WD 4dr SUV (4.7L 8cyl 4A)
2001,Dodge,Durango,Sport 4WD 4dr SUV (4.7L 8cyl 4A)
2001,Dodge,Grand Caravan,ES Fwd 4dr Minivan (3.3L 6cyl 4A)
2001,Dodge,Grand Caravan,EX Fwd 4dr Minivan (3.8L 6cyl 4A)
2001,Dodge,Grand Caravan,SE Fwd 4dr Minivan (3.3L 6cyl 4A)
2001,Dodge,Grand Caravan,ES AWD 4dr Minivan (3.8L 6cyl 4A)
2001,Dodge,Grand Caravan,Sport AWD 4dr Minivan (3.8L 6cyl 4A)
2001,Dodge,Grand Caravan,Sport Fwd 4dr Minivan (3.3L 6cyl 4A)
2001,Dodge,Neon,Highline SE 4dr Sedan (2.0L 4cyl 5M)
2001,Dodge,Intrepid,SE 4dr Sedan (2.7L 6cyl 4A)
2001,Dodge,Intrepid,ES 4dr Sedan (2.7L 6cyl 4A)
2001,Dodge,Intrepid,R/T 4dr Sedan (3.5L 6cyl 4A)
2001,Dodge,Ram Wagon,3500 Maxi 3dr Ext Van (5.2L 8cyl 4A)
2001,Dodge,Ram Wagon,1500 3dr Van (3.9L 6cyl 3A)
2001,Dodge,Ram Wagon,2500 3dr Ext Van (5.2L 8cyl 4A)
2001,Ferrari,550,Maranello 2dr Coupe (5.5L 12cyl 6M)
2001,Ferrari,550,Barchetta 2dr Convertible (5.5L 12cyl 6M)
2001,Ferrari,360,Spider 2dr Convertible (3.6L 8cyl 6M)
2001,Ferrari,360,Modena 2dr Coupe (3.6L 8cyl 6M)
2001,Ferrari,360,Modena F1 2dr Coupe (3.6L 8cyl 6AM)
2001,Ferrari,360,Spider F1 2dr Convertible (3.6L 8cyl 6AM)
2001,Ferrari,456M,GTA 2dr Coupe (5.5L 12cyl 4A)
2001,Ferrari,456M,GT 2dr Coupe (5.5L 12cyl 6M)
2001,Ford,Mustang,Deluxe 2dr Convertible (3.8L 6cyl 5M)
2001,Ford,Mustang,Deluxe 2dr Coupe (3.8L 6cyl 5M)
2001,Ford,Mustang,2dr Coupe (3.8L 6cyl 5M)
2001,Ford,Mustang,Bullitt GT 2dr Coupe (4.6L 8cyl 5M)
2001,Ford,Mustang,SVT Cobra 2dr Convertible (4.6L 8cyl 5M)
2001,Ford,Mustang,SVT Cobra 2dr Coupe (4.6L 8cyl 5M)
2001,Ford,Mustang,Premium 2dr Convertible (3.8L 6cyl 4A)
2001,Ford,Mustang,Premium 2dr Coupe (3.8L 6cyl 5M)
2001,Ford,Mustang,GT Premium 2dr Convertible (4.6L 8cyl 5M)
2001,Ford,Mustang,GT Premium 2dr Coupe (4.6L 8cyl 5M)
2001,Ford,Mustang,GT Deluxe 2dr Convertible (4.6L 8cyl 5M)
2001,Ford,Mustang,GT Deluxe 2dr Coupe (4.6L 8cyl 5M)
2001,Ford,Explorer Sport,4WD 2dr SUV (4.0L 6cyl 5M)
2001,Ford,Explorer Sport,2WD 2dr SUV (4.0L 6cyl 5M)
2001,Ford,Windstar Cargo,3dr Minivan (3.8L 6cyl 4A)
2001,Ford,Ranger,2dr Regular Cab XLT 2WD Flareside SB (2.5L 4cyl 5M)
2001,Ford,Ranger,2dr Regular Cab XLT 2WD Styleside LB (3.0L 6cyl 5A)
2001,Ford,Ranger,2dr Regular Cab XLT 2WD Styleside SB (2.3L 4cyl 5M)
2001,Ford,Ranger,2dr Regular Cab XLT 2WD Styleside SB (2.5L 4cyl 5M)
2001,Ford,Ranger,2dr Regular Cab XLT 2WD Styleside SB (3.0L 6cyl 5M)
2001,Ford,Ranger,2dr SuperCab XLT 2WD Styleside SB (2.3L 4cyl 5M)
2001,Ford,Ranger,2dr SuperCab XLT 2WD Styleside SB (3.0L 6cyl 5M)
2001,Ford,Ranger,4dr SuperCab XLT 4WD Flareside SB (4.0L 6cyl 5A)
2001,Ford,Ranger,4dr SuperCab XLT 4WD Styleside SB w/392A (4.0L 6cyl 5M)
2001,Ford,Ranger,4dr SuperCab XLT Off-Road 4WD Flareside SB w/398A (4.0L 6cyl 5A)
2001,Ford,Ranger,4dr SuperCab XLT Off-Road 4WD Styleside SB w/394A (4.0L 6cyl 5A)
2001,Ford,Ranger,2dr Regular Cab XLT Appearance 2WD Flareside SB (2.3L 4cyl 5M)
2001,Ford,Ranger,2dr Regular Cab XLT Appearance 2WD Flareside SB (2.5L 4cyl 5M)
2001,Ford,Ranger,2dr Regular Cab XLT Appearance 2WD Flareside SB (3.0L 6cyl 5A)
2001,Ford,Ranger,2dr Regular Cab XLT Appearance 2WD Styleside SB (2.3L 4cyl 5M)
2001,Ford,Ranger,2dr Regular Cab XLT Appearance 2WD Styleside SB (2.5L 4cyl 5M)
2001,Ford,Ranger,4dr SuperCab Edge 4WD Styleside SB (4.0L 6cyl 5M)
2001,Ford,Ranger,2dr SuperCab Edge 2WD Styleside SB (3.0L 6cyl 5M)
2001,Ford,Ranger,2dr Regular Cab Edge Plus 4WD Flareside SB (4.0L 6cyl 5A)
2001,Ford,Ranger,2dr Regular Cab Edge Plus 2WD Flareside SB (4.0L 6cyl 5M)
2001,Ford,Ranger,2dr SuperCab Edge Plus 2WD Flareside SB (4.0L 6cyl 5A)
2001,Ford,Ranger,2dr Regular Cab Edge Plus 4WD Styleside SB (4.0L 6cyl 5A)
2001,Ford,Ranger,4dr SuperCab Edge Plus 4WD Flareside SB (4.0L 6cyl 5A)
2001,Ford,Ranger,2dr SuperCab Edge Plus 2WD Styleside SB (4.0L 6cyl 5A)
2001,Ford,Ranger,2dr Regular Cab XL 2WD Styleside LB (3.0L 6cyl 5M)
2001,Ford,Ranger,4dr SuperCab Edge Plus 4WD Styleside SB (4.0L 6cyl 5A)
2001,Ford,Ranger,2dr Regular Cab XL 2WD Styleside SB (2.5L 4cyl 5M)
2001,Ford,Ranger,2dr Regular Cab XL 2WD Styleside SB (2.3L 4cyl 5M)
2001,Ford,Ranger,2dr SuperCab XL 2WD Styleside SB (2.3L 4cyl 5M)
2001,Ford,Ranger,2dr Regular Cab XL 2WD Styleside SB (3.0L 6cyl 5M)
2001,Ford,Ranger,2dr Regular Cab XLT 2WD Flareside SB (2.3L 4cyl 5M)
2001,Ford,Ranger,2dr SuperCab XL 2WD Styleside SB (3.0L 6cyl 5M)
2001,Ford,Ranger,4dr SuperCab XLT Appearance 2WD Flareside SB (3.0L 6cyl 5A)
2001,Ford,Ranger,4dr SuperCab XLT 4WD Styleside SB w/393A (4.0L 6cyl 5M)
2001,Ford,Ranger,2dr SuperCab XLT Appearance 2WD Styleside SB (3.0L 6cyl 5A)
2001,Ford,Ranger,2dr SuperCab XLT Appearance 2WD Flareside SB (4.0L 6cyl 5A)
2001,Ford,Ranger,2dr Regular Cab Edge 2WD Styleside SB (3.0L 6cyl 5M)
2001,Ford,Ranger,2dr Regular Cab XLT Appearance 2WD Styleside SB (3.0L 6cyl 5A)
2001,Ford,Ranger,4dr SuperCab XLT Off-Road 4WD Styleside SB w/391A (4.0L 6cyl 5A)
2001,Ford,Ranger,4dr SuperCab XLT Off-Road 4WD Flareside SB w/397A (4.0L 6cyl 5A)
2001,Ford,Ranger,4dr SuperCab XLT Appearance 2WD Styleside SB (4.0L 6cyl 5A)
2001,Ford,Windstar,SEL 4dr Minivan (3.8L 6cyl 4A)
2001,Ford,Windstar,Limited 4dr Minivan (3.8L 6cyl 4A)
2001,Ford,Windstar,SE Sport 4dr Minivan (3.8L 6cyl 4A)
2001,Ford,Windstar,SE 4dr Minivan (3.8L 6cyl 4A)
2001,Ford,Windstar,LX 4dr Minivan (3.8L 6cyl 4A)
2001,Ford,Windstar,LX 3dr Minivan (3.8L 6cyl 4A)
2001,Ford,Crown Victoria,LX 4dr Sedan (4.6L 8cyl 4A)
2001,Ford,Crown Victoria,4dr Sedan (4.6L 8cyl 4A)
2001,Ford,F-150,2dr Regular Cab XL 4WD Styleside SB (4.2L 6cyl 5M)
2001,Ford,F-150,4dr SuperCab XL 2WD Flareside SB (4.2L 6cyl 5M)
2001,Ford,F-150,2dr Regular Cab XL 4WD Flareside SB (4.2L 6cyl 5M)
2001,Ford,F-150,2dr Regular Cab XL 4WD Styleside LB (4.2L 6cyl 5M)
2001,Ford,F-150,4dr SuperCab XL 4WD Flareside SB (4.6L 8cyl 5M)
2001,Ford,F-150,4dr SuperCab XL 4WD Styleside LB (4.6L 8cyl 5M)
2001,Ford,F-150,4dr SuperCab XL 2WD Styleside LB (4.6L 8cyl 5M)
2001,Ford,F-150,4dr SuperCab XL 2WD Styleside SB (4.2L 6cyl 5M)
2001,Ford,F-150,4dr SuperCrew Lariat 2WD Styleside SB (4.6L 8cyl 4A)
2001,Ford,F-150,4dr SuperCrew Lariat 4WD Styleside SB (4.6L 8cyl 4A)
2001,Ford,F-150,4dr SuperCab Lariat 4WD Styleside LB (4.6L 8cyl 4A)
2001,Ford,F-150,4dr SuperCab Lariat 4WD Styleside SB (4.6L 8cyl 4A)
2001,Ford,F-150,2dr Regular Cab XL 2WD Styleside LB (4.2L 6cyl 5M)
2001,Ford,F-150,2dr Regular Cab XL 2WD Styleside SB (4.2L 6cyl 5M)
2001,Ford,F-150,2dr Regular Cab SVT Lightning 2WD Flareside SB (5.4L 8cyl S/C 4A)
2001,Ford,F-150,2dr Regular Cab XL 2WD Flareside SB (4.2L 6cyl 5M)
2001,Ford,F-150,4dr SuperCab XLT 4WD Styleside LB (4.6L 8cyl 5M)
2001,Ford,F-150,4dr SuperCab XLT 4WD Flareside SB (4.6L 8cyl 5M)
2001,Ford,F-150,4dr SuperCab XLT 2WD Styleside SB (4.2L 6cyl 5M)
2001,Ford,F-150,4dr SuperCab XLT 2WD Styleside LB (4.6L 8cyl 5M)
2001,Ford,F-150,4dr SuperCrew XLT 4WD Styleside SB (4.6L 8cyl 4A)
2001,Ford,F-150,4dr SuperCrew XLT 2WD Styleside SB (4.6L 8cyl 4A)
2001,Ford,F-150,4dr SuperCab XLT 4WD Styleside SB (4.6L 8cyl 5M)
2001,Ford,F-150,2dr Regular Cab XLT 2WD Styleside SB (4.2L 6cyl 5M)
2001,Ford,F-150,2dr Regular Cab XLT 2WD Styleside LB (4.2L 6cyl 5M)
2001,Ford,F-150,2dr Regular Cab XLT 2WD Flareside SB (4.2L 6cyl 5M)
2001,Ford,F-150,4dr SuperCab XL 4WD Styleside SB (4.6L 8cyl 5M)
2001,Ford,F-150,4dr SuperCab XLT 2WD Flareside SB (4.2L 6cyl 5M)
2001,Ford,F-150,2dr Regular Cab XLT 4WD Styleside SB (4.2L 6cyl 5M)
2001,Ford,F-150,2dr Regular Cab XLT 4WD Styleside LB (4.2L 6cyl 5M)
2001,Ford,F-150,2dr Regular Cab XLT 4WD Flareside SB (4.2L 6cyl 5M)
2001,Ford,F-150,4dr SuperCab Lariat 2WD Styleside LB (4.6L 8cyl 4A)
2001,Ford,F-150,4dr SuperCab Lariat 2WD Flareside SB (4.6L 8cyl 4A)
2001,Ford,F-150,4dr SuperCab Lariat 4WD Flareside SB (4.6L 8cyl 4A)
2001,Ford,F-150,4dr SuperCab Lariat 2WD Styleside SB (4.6L 8cyl 4A)
2001,Ford,F-150,4dr SuperCrew Harley-Davidson 2WD Styleside SB (5.4L 8cyl 4A)
2001,Ford,F-150,4dr SuperCrew King Ranch 4WD Styleside SB (4.6L 8cyl 4A)
2001,Ford,F-150,4dr SuperCrew King Ranch 2WD Styleside SB (4.6L 8cyl 4A)
2001,Ford,Focus,ZTS 4dr Sedan (2.0L 4cyl 5M)
2001,Ford,Focus,ZX3 2dr Hatchback (2.0L 4cyl 5M)
2001,Ford,Focus,Street 4dr Sedan (2.0L 4cyl 5M)
2001,Ford,Focus,Street 4dr Wagon (2.0L 4cyl 4A)
2001,Ford,Focus,SE 4dr Wagon (2.0L 4cyl 4A)
2001,Ford,Focus,SE 4dr Sedan (2.0L 4cyl 5M)
2001,Ford,Focus,LX 4dr Sedan (2.0L 4cyl 5M)
2001,Ford,Econoline Cargo,E-350 SD 3dr Van (5.4L 8cyl 4A)
2001,Ford,Econoline Cargo,E-350 SD 3dr Ext Van (5.4L 8cyl 4A)
2001,Ford,Econoline Cargo,E-250 3dr Van (4.2L 6cyl 4A)
2001,Ford,Econoline Cargo,E-250 3dr Ext Van (4.2L 6cyl 4A)
2001,Ford,Econoline Cargo,E-150 3dr Van (4.2L 6cyl 4A)
2001,Ford,Escort,ZX2 2dr Coupe (2.0L 4cyl 5M)
2001,Ford,Excursion,XLT 2WD 4dr SUV (5.4L 8cyl 4A)
2001,Ford,Excursion,XLT 4WD 4dr SUV (6.8L 10cyl 4A)
2001,Ford,Excursion,Limited 2WD 4dr SUV (5.4L 8cyl 4A)
2001,Ford,Excursion,Limited 4WD 4dr SUV (6.8L 10cyl 4A)
2001,Ford,F-250 Super Duty,4dr Crew Cab Lariat 2WD LB (5.4L 8cyl 5M)
2001,Ford,F-250 Super Duty,2dr Regular Cab XL 4WD LB (5.4L 8cyl 5M)
2001,Ford,F-250 Super Duty,4dr Crew Cab XL 2WD LB (5.4L 8cyl 5M)
2001,Ford,F-250 Super Duty,4dr Crew Cab XL 2WD SB (5.4L 8cyl 5M)
2001,Ford,F-250 Super Duty,4dr Crew Cab XL 4WD LB (5.4L 8cyl 5M)
2001,Ford,F-250 Super Duty,4dr Crew Cab XL 4WD SB (5.4L 8cyl 5M)
2001,Ford,F-250 Super Duty,4dr SuperCab XL 2WD LB (5.4L 8cyl 5M)
2001,Ford,F-250 Super Duty,4dr SuperCab XL 2WD SB (5.4L 8cyl 5M)
2001,Ford,F-250 Super Duty,4dr SuperCab XL 4WD LB (5.4L 8cyl 5M)
2001,Ford,F-250 Super Duty,4dr Crew Cab Lariat 2WD SB (5.4L 8cyl 5M)
2001,Ford,F-250 Super Duty,4dr Crew Cab Lariat 4WD LB (5.4L 8cyl 5M)
2001,Ford,F-250 Super Duty,4dr Crew Cab Lariat 4WD SB (5.4L 8cyl 5M)
2001,Ford,F-250 Super Duty,4dr SuperCab Lariat 2WD LB (5.4L 8cyl 5M)
2001,Ford,F-250 Super Duty,4dr SuperCab Lariat 2WD SB (5.4L 8cyl 5M)
2001,Ford,F-250 Super Duty,4dr SuperCab Lariat 4WD LB (5.4L 8cyl 5M)
2001,Ford,F-250 Super Duty,4dr SuperCab Lariat 4WD SB (5.4L 8cyl 5M)
2001,Ford,F-250 Super Duty,2dr Regular Cab XL 2WD LB (5.4L 8cyl 5M)
2001,Ford,F-250 Super Duty,4dr SuperCab XLT 4WD LB (5.4L 8cyl 5M)
2001,Ford,F-250 Super Duty,4dr SuperCab XLT 2WD SB (5.4L 8cyl 5M)
2001,Ford,F-250 Super Duty,4dr SuperCab XLT 4WD SB (5.4L 8cyl 5M)
2001,Ford,F-250 Super Duty,2dr Regular Cab XLT 2WD LB (5.4L 8cyl 5M)
2001,Ford,F-250 Super Duty,4dr SuperCab XL 4WD SB (5.4L 8cyl 5M)
2001,Ford,F-250 Super Duty,4dr Crew Cab XLT 2WD LB (5.4L 8cyl 5M)
2001,Ford,F-250 Super Duty,2dr Regular Cab XLT 4WD LB (5.4L 8cyl 5M)
2001,Ford,F-250 Super Duty,4dr Crew Cab XLT 4WD LB (5.4L 8cyl 5M)
2001,Ford,F-250 Super Duty,4dr Crew Cab XLT 2WD SB (5.4L 8cyl 5M)
2001,Ford,F-250 Super Duty,4dr SuperCab XLT 2WD LB (5.4L 8cyl 5M)
2001,Ford,F-250 Super Duty,4dr Crew Cab XLT 4WD SB (5.4L 8cyl 5M)
2001,Ford,Explorer,Eddie Bauer AWD 4dr SUV (5.0L 8cyl 4A)
2001,Ford,Explorer,Limited 2WD 4dr SUV (4.0L 6cyl 5A)
2001,Ford,Explorer,Limited 4WD 4dr SUV (4.0L 6cyl 5A)
2001,Ford,Explorer,Limited AWD 4dr SUV (5.0L 8cyl 4A)
2001,Ford,Explorer,XLT AWD 4dr SUV (5.0L 8cyl 4A)
2001,Ford,Explorer,Eddie Bauer 2WD 4dr SUV (4.0L 6cyl 5A)
2001,Ford,Explorer,Eddie Bauer 4WD 4dr SUV (4.0L 6cyl 5A)
2001,Ford,Explorer,XLS 4WD 4dr SUV (4.0L 6cyl 5A)
2001,Ford,Explorer,XLS 2WD 4dr SUV (4.0L 6cyl 5A)
2001,Ford,Explorer,XLT 4WD 4dr SUV (4.0L 6cyl 5A)
2001,Ford,Explorer,XLT 2WD 4dr SUV (4.0L 6cyl 5A)
2001,Ford,Expedition,XLT 2WD 4dr SUV (4.6L 8cyl 4A)
2001,Ford,Expedition,XLT 4WD 4dr SUV (4.6L 8cyl 4A)
2001,Ford,Expedition,Eddie Bauer 2WD 4dr SUV (4.6L 8cyl 4A)
2001,Ford,Expedition,Eddie Bauer 4WD 4dr SUV (5.4L 8cyl 4A)
2001,Ford,F-350 Super Duty,4dr Crew Cab Lariat 2WD LB (5.4L 8cyl 5M)
2001,Ford,F-350 Super Duty,4dr Crew Cab Lariat 2WD SB (5.4L 8cyl 5M)
2001,Ford,F-350 Super Duty,4dr Crew Cab XL 4WD SB DRW (6.8L 10cyl 5M)
2001,Ford,F-350 Super Duty,4dr Crew Cab Lariat 2WD LB DRW (6.8L 10cyl 5M)
2001,Ford,F-350 Super Duty,4dr Crew Cab Lariat 4WD LB (5.4L 8cyl 5M)
2001,Ford,F-350 Super Duty,4dr Crew Cab Lariat 2WD SB DRW (6.8L 10cyl 5M)
2001,Ford,F-350 Super Duty,4dr Crew Cab XL 4WD SB (5.4L 8cyl 5M)
2001,Ford,F-350 Super Duty,4dr SuperCab XL 2WD LB (5.4L 8cyl 5M)
2001,Ford,F-350 Super Duty,4dr SuperCab XL 2WD SB (5.4L 8cyl 5M)
2001,Ford,F-350 Super Duty,4dr SuperCab XL 2WD LB DRW (5.4L 8cyl 5M)
2001,Ford,F-350 Super Duty,4dr Crew Cab XL 2WD SB DRW (6.8L 10cyl 5M)
2001,Ford,F-350 Super Duty,4dr Crew Cab XL 4WD LB (5.4L 8cyl 5M)
2001,Ford,F-350 Super Duty,4dr Crew Cab XL 4WD LB DRW (6.8L 10cyl 5M)
2001,Ford,F-350 Super Duty,2dr Regular Cab XLT 2WD LB DRW (5.4L 8cyl 5M)
2001,Ford,F-350 Super Duty,2dr Regular Cab XLT 4WD LB (5.4L 8cyl 5M)
2001,Ford,F-350 Super Duty,2dr Regular Cab XLT 4WD LB DRW (5.4L 8cyl 5M)
2001,Ford,F-350 Super Duty,4dr Crew Cab XLT 2WD LB (5.4L 8cyl 5M)
2001,Ford,F-350 Super Duty,4dr SuperCab XL 4WD LB (5.4L 8cyl 5M)
2001,Ford,F-350 Super Duty,4dr SuperCab XL 4WD SB (5.4L 8cyl 5M)
2001,Ford,F-350 Super Duty,4dr SuperCab XL 4WD LB DRW (5.4L 8cyl 5M)
2001,Ford,F-350 Super Duty,2dr Regular Cab XLT 2WD LB (5.4L 8cyl 5M)
2001,Ford,F-350 Super Duty,4dr SuperCab Lariat 2WD LB DRW (5.4L 8cyl 5M)
2001,Ford,F-350 Super Duty,4dr SuperCab Lariat 2WD SB (5.4L 8cyl 5M)
2001,Ford,F-350 Super Duty,4dr SuperCab Lariat 4WD SB (5.4L 8cyl 5M)
2001,Ford,F-350 Super Duty,4dr SuperCab Lariat 4WD LB (5.4L 8cyl 5M)
2001,Ford,F-350 Super Duty,4dr Crew Cab Lariat 4WD SB (5.4L 8cyl 5M)
2001,Ford,F-350 Super Duty,4dr Crew Cab Lariat 4WD LB DRW (6.8L 10cyl 5M)
2001,Ford,F-350 Super Duty,4dr SuperCab Lariat 2WD LB (5.4L 8cyl 5M)
2001,Ford,F-350 Super Duty,4dr Crew Cab Lariat 4WD SB DRW (6.8L 10cyl 5M)
2001,Ford,F-350 Super Duty,4dr Crew Cab XL 2WD LB (5.4L 8cyl 5M)
2001,Ford,F-350 Super Duty,2dr Regular Cab XL 4WD LB DRW (5.4L 8cyl 5M)
2001,Ford,F-350 Super Duty,4dr Crew Cab XL 2WD SB (5.4L 8cyl 5M)
2001,Ford,F-350 Super Duty,4dr Crew Cab XL 2WD LB DRW (6.8L 10cyl 5M)
2001,Ford,F-350 Super Duty,2dr Regular Cab XL 2WD LB (5.4L 8cyl 5M)
2001,Ford,F-350 Super Duty,4dr SuperCab Lariat 4WD LB DRW (5.4L 8cyl 5M)
2001,Ford,F-350 Super Duty,2dr Regular Cab XL 4WD LB (5.4L 8cyl 5M)
2001,Ford,F-350 Super Duty,2dr Regular Cab XL 2WD LB DRW (5.4L 8cyl 5M)
2001,Ford,F-350 Super Duty,4dr SuperCab XLT 2WD LB (5.4L 8cyl 5M)
2001,Ford,F-350 Super Duty,4dr Crew Cab XLT 4WD SB DRW (6.8L 10cyl 5M)
2001,Ford,F-350 Super Duty,4dr Crew Cab XLT 4WD SB (5.4L 8cyl 5M)
2001,Ford,F-350 Super Duty,4dr Crew Cab XLT 4WD LB DRW (6.8L 10cyl 5M)
2001,Ford,F-350 Super Duty,4dr Crew Cab XLT 4WD LB (5.4L 8cyl 5M)
2001,Ford,F-350 Super Duty,4dr Crew Cab XLT 2WD SB DRW (6.8L 10cyl 5M)
2001,Ford,F-350 Super Duty,4dr Crew Cab XLT 2WD SB (5.4L 8cyl 5M)
2001,Ford,F-350 Super Duty,4dr Crew Cab XLT 2WD LB DRW (6.8L 10cyl 5M)
2001,Ford,F-350 Super Duty,4dr SuperCab XLT 4WD LB DRW (5.4L 8cyl 5M)
2001,Ford,F-350 Super Duty,4dr SuperCab XLT 4WD SB (5.4L 8cyl 5M)
2001,Ford,F-350 Super Duty,4dr SuperCab XLT 4WD LB (5.4L 8cyl 5M)
2001,Ford,F-350 Super Duty,4dr SuperCab XLT 2WD LB DRW (5.4L 8cyl 5M)
2001,Ford,F-350 Super Duty,4dr SuperCab XLT 2WD SB (5.4L 8cyl 5M)
2001,Ford,Escape,XLT 2WD 4dr SUV (2.0L 4cyl 5M)
2001,Ford,Escape,XLS 4WD 4dr SUV (2.0L 4cyl 5M)
2001,Ford,Escape,XLS 2WD 4dr SUV (2.0L 4cyl 5M)
2001,Ford,Escape,XLT 4WD 4dr SUV (2.0L 4cyl 5M)
2001,Ford,Econoline Wagon,E-350 SD XLT 3dr Van (5.4L 8cyl 4A)
2001,Ford,Econoline Wagon,E-350 SD XLT 3dr Ext Van (5.4L 8cyl 4A)
2001,Ford,Econoline Wagon,E-350 SD XL 3dr Van (5.4L 8cyl 4A)
2001,Ford,Econoline Wagon,E-350 SD XL 3dr Ext Van (5.4L 8cyl 4A)
2001,Ford,Econoline Wagon,E-150 XLT 3dr Van (4.2L 6cyl 4A)
2001,Ford,Econoline Wagon,E-150 XL 3dr Van (4.2L 6cyl 4A)
2001,Ford,Explorer Sport Trac,4WD 4dr Crew Cab (4.0L 6cyl 5M)
2001,Ford,Explorer Sport Trac,2WD 4dr Crew Cab (4.0L 6cyl 5M)
2001,Ford,Taurus,SE 4dr Wagon (3.0L 6cyl 4A)
2001,Ford,Taurus,SE 4dr Sedan (3.0L 6cyl 4A)
2001,Ford,Taurus,LX 4dr Sedan (3.0L 6cyl 4A)
2001,Ford,Taurus,SES 4dr Sedan (3.0L 6cyl 4A)
2001,Ford,Taurus,SEL 4dr Sedan (3.0L 6cyl 4A)
2001,GMC,Jimmy,Diamond Edition 4WD 4dr SUV (4.3L 6cyl 4A)
2001,GMC,Jimmy,Diamond Edition Special 4WD 4dr SUV (4.3L 6cyl 4A)
2001,GMC,Jimmy,Diamond Edition 2WD 4dr SUV (4.3L 6cyl 4A)
2001,GMC,Jimmy,SLS 2WD 2dr SUV (4.3L 6cyl 5M)
2001,GMC,Jimmy,SLS 4WD 2dr SUV (4.3L 6cyl 5M)
2001,GMC,Jimmy,SLE 2WD 4dr SUV (4.3L 6cyl 4A)
2001,GMC,Jimmy,SLE 4WD 4dr SUV (4.3L 6cyl 4A)
2001,GMC,Jimmy,SLT 2WD 4dr SUV (4.3L 6cyl 4A)
2001,GMC,Jimmy,SLT 4WD 4dr SUV (4.3L 6cyl 4A)
2001,GMC,Jimmy,SLS Convenience 2WD 2dr SUV (4.3L 6cyl 4A)
2001,GMC,Jimmy,SLS Convenience 4WD 2dr SUV (4.3L 6cyl 4A)
2001,GMC,Safari,SLE AWD 3dr Minivan (4.3L 6cyl 4A)
2001,GMC,Safari,SLE Rwd 3dr Minivan (4.3L 6cyl 4A)
2001,GMC,Sierra 3500,4dr Extended Cab SLE 4WD LB DRW (6.0L 8cyl 4A)
2001,GMC,Sierra 3500,4dr Extended Cab SLE 2WD LB DRW (6.0L 8cyl 4A)
2001,GMC,Sierra 3500,4dr Crew Cab SLE 4WD LB DRW (6.0L 8cyl 4A)
2001,GMC,Sierra 3500,4dr Crew Cab SLE 2WD LB DRW (6.0L 8cyl 4A)
2001,GMC,Sierra 3500,2dr Regular Cab SLE 4WD LB DRW (6.0L 8cyl 5M)
2001,GMC,Sierra 3500,2dr Regular Cab SLE 2WD LB DRW (6.0L 8cyl 5M)
2001,GMC,Sierra 3500,4dr Extended Cab SL 4WD LB DRW (6.0L 8cyl 4A)
2001,GMC,Sierra 3500,4dr Extended Cab SL 2WD LB DRW (6.0L 8cyl 4A)
2001,GMC,Sierra 3500,4dr Crew Cab SL 4WD LB DRW (6.0L 8cyl 4A)
2001,GMC,Sierra 3500,4dr Extended Cab SLT 2WD LB DRW w/OnStar (6.0L 8cyl 4A)
2001,GMC,Sierra 3500,4dr Crew Cab SL 2WD LB DRW (6.0L 8cyl 4A)
2001,GMC,Sierra 3500,4dr Extended Cab SLT 4WD LB DRW w/OnStar (6.0L 8cyl 4A)
2001,GMC,Sierra 3500,2dr Regular Cab SL 4WD LB DRW (6.0L 8cyl 5M)
2001,GMC,Sierra 3500,2dr Regular Cab SL 2WD LB DRW (6.0L 8cyl 5M)
2001,GMC,Sierra 3500,4dr Crew Cab SLT 2WD LB DRW w/OnStar (6.0L 8cyl 4A)
2001,GMC,Sierra 3500,4dr Crew Cab SLT 4WD LB DRW w/OnStar (6.0L 8cyl 4A)
2001,GMC,Sierra 1500HD,4dr Crew Cab SLE 4WD SB (6.0L 8cyl 4A)
2001,GMC,Sierra 1500HD,4dr Crew Cab SLE 2WD SB (6.0L 8cyl 4A)
2001,GMC,Sierra 1500HD,4dr Crew Cab SLT 4WD SB w/OnStar (6.0L 8cyl 4A)
2001,GMC,Sierra 1500HD,4dr Crew Cab SLT 2WD SB w/OnStar (6.0L 8cyl 4A)
2001,GMC,Savana,SLT 3dr Van (5.7L 8cyl 4A)
2001,GMC,Savana,3500 3dr Van (5.7L 8cyl 4A)
2001,GMC,Savana,1500 3dr Van (4.3L 6cyl 4A)
2001,GMC,Savana,2500 3dr Ext Van (5.7L 8cyl 4A)
2001,GMC,Savana,2500 3dr Van (5.7L 8cyl 4A)
2001,GMC,Savana,3500 3dr Ext Van (5.7L 8cyl 4A)
2001,GMC,Sonoma,2dr Regular Cab SLS 2WD SB (2.2L 4cyl 5M)
2001,GMC,Sonoma,4dr Crew Cab SLS 4WD SB (4.3L 6cyl 4A)
2001,GMC,Sonoma,2dr Extended Cab SL 2WD SB (2.2L 4cyl 5M)
2001,GMC,Sonoma,2dr Extended Cab SL 4WD SB (4.3L 6cyl 5M)
2001,GMC,Sonoma,2dr Regular Cab SL 2WD LB (2.2L 4cyl 5M)
2001,GMC,Sonoma,2dr Regular Cab SL 2WD SB (2.2L 4cyl 5M)
2001,GMC,Sonoma,2dr Extended Cab SLS 2WD SB (2.2L 4cyl 5M)
2001,GMC,Sonoma,2dr Extended Cab SLS 4WD SB (4.3L 6cyl 5M)
2001,GMC,Sonoma,2dr Regular Cab SLS 2WD LB (2.2L 4cyl 5M)
2001,GMC,Sierra 2500,4dr Extended Cab SL 4WD SB (6.0L 8cyl 4A)
2001,GMC,Sierra 2500,2dr Regular Cab SL 2WD LB (6.0L 8cyl 5M)
2001,GMC,Sierra 2500,4dr Extended Cab SLE 4WD SB (6.0L 8cyl 4A)
2001,GMC,Sierra 2500,2dr Regular Cab SLE 2WD LB (6.0L 8cyl 5M)
2001,GMC,Sierra 2500,4dr Extended Cab SLT 4WD SB w/OnStar (6.0L 8cyl 4A)
2001,GMC,Safari Cargo,SL AWD 3dr Minivan (4.3L 6cyl 4A)
2001,GMC,Safari Cargo,SL Rwd 3dr Minivan (4.3L 6cyl 4A)
2001,GMC,Savana Cargo,3500 3dr Ext Van (5.7L 8cyl 4A)
2001,GMC,Savana Cargo,3500 3dr Van (5.7L 8cyl 4A)
2001,GMC,Savana Cargo,1500 3dr Van (4.3L 6cyl 4A)
2001,GMC,Savana Cargo,2500 3dr Ext Van (4.3L 6cyl 4A)
2001,GMC,Savana Cargo,2500 3dr Van (4.3L 6cyl 4A)
2001,GMC,Sierra 2500HD,4dr Extended Cab SLE 4WD SB (6.0L 8cyl 5M)
2001,GMC,Sierra 2500HD,4dr Extended Cab SLE 4WD LB (6.0L 8cyl 5M)
2001,GMC,Sierra 2500HD,4dr Extended Cab SLE 2WD SB (6.0L 8cyl 5M)
2001,GMC,Sierra 2500HD,4dr Extended Cab SLE 2WD LB (6.0L 8cyl 5M)
2001,GMC,Sierra 2500HD,4dr Crew Cab SLT 4WD LB w/OnStar (6.0L 8cyl 4A)
2001,GMC,Sierra 2500HD,4dr Crew Cab SLE 4WD LB (6.0L 8cyl 4A)
2001,GMC,Sierra 2500HD,4dr Crew Cab SLT 4WD SB w/OnStar (6.0L 8cyl 4A)
2001,GMC,Sierra 2500HD,4dr Crew Cab SLE 4WD SB (6.0L 8cyl 4A)
2001,GMC,Sierra 2500HD,4dr Crew Cab SLT 2WD LB w/OnStar (6.0L 8cyl 4A)
2001,GMC,Sierra 2500HD,4dr Crew Cab SLE 2WD LB (6.0L 8cyl 4A)
2001,GMC,Sierra 2500HD,4dr Crew Cab SLT 2WD SB w/OnStar (6.0L 8cyl 4A)
2001,GMC,Sierra 2500HD,4dr Crew Cab SLE 2WD SB (6.0L 8cyl 4A)
2001,GMC,Sierra 2500HD,2dr Regular Cab SLE 2WD LB (6.0L 8cyl 5M)
2001,GMC,Sierra 2500HD,2dr Regular Cab SLE 4WD LB (6.0L 8cyl 5M)
2001,GMC,Sierra 2500HD,4dr Extended Cab SL 4WD LB (6.0L 8cyl 5M)
2001,GMC,Sierra 2500HD,4dr Extended Cab SLT 4WD LB w/OnStar (6.0L 8cyl 4A)
2001,GMC,Sierra 2500HD,4dr Extended Cab SL 4WD SB (6.0L 8cyl 5M)
2001,GMC,Sierra 2500HD,4dr Extended Cab SLT 4WD SB w/OnStar (6.0L 8cyl 4A)
2001,GMC,Sierra 2500HD,4dr Extended Cab SLT 2WD SB w/OnStar (6.0L 8cyl 4A)
2001,GMC,Sierra 2500HD,4dr Extended Cab SL 2WD LB (6.0L 8cyl 5M)
2001,GMC,Sierra 2500HD,4dr Extended Cab SL 2WD SB (6.0L 8cyl 5M)
2001,GMC,Sierra 2500HD,4dr Extended Cab SLT 2WD LB w/OnStar (6.0L 8cyl 4A)
2001,GMC,Sierra 2500HD,4dr Crew Cab SL 4WD LB (6.0L 8cyl 4A)
2001,GMC,Sierra 2500HD,4dr Crew Cab SL 4WD SB (6.0L 8cyl 4A)
2001,GMC,Sierra 2500HD,4dr Crew Cab SL 2WD LB (6.0L 8cyl 4A)
2001,GMC,Sierra 2500HD,4dr Crew Cab SL 2WD SB (6.0L 8cyl 4A)
2001,GMC,Sierra 2500HD,2dr Regular Cab SL 2WD LB (6.0L 8cyl 5M)
2001,GMC,Sierra 2500HD,2dr Regular Cab SL 4WD LB (6.0L 8cyl 5M)
2001,GMC,Yukon XL,1500 SLE 2WD 4dr SUV (5.3L 8cyl 4A)
2001,GMC,Yukon XL,1500 SLE 4WD 4dr SUV (5.3L 8cyl 4A)
2001,GMC,Yukon XL,2500 SLE 2WD 4dr SUV (6.0L 8cyl 4A)
2001,GMC,Yukon XL,Denali AWD 4dr SUV (6.0L 8cyl 4A)
2001,GMC,Yukon XL,2500 SLE 4WD 4dr SUV (6.0L 8cyl 4A)
2001,GMC,Sierra C3,4dr Extended Cab AWD SB (6.0L 8cyl 4A)
2001,GMC,Yukon,Denali AWD 4dr SUV (6.0L 8cyl 4A)
2001,GMC,Yukon,SLE 2WD 4dr SUV (4.8L 8cyl 4A)
2001,GMC,Yukon,SLE 4WD 4dr SUV (4.8L 8cyl 4A)
2001,HUMMER,H1,Hard Top 4WD 2dr SUV (6.5L 8cyl Turbodiesel 4A)
2001,HUMMER,H1,Hard Top 4WD 4dr SUV (6.5L 8cyl Turbodiesel 4A)
2001,HUMMER,H1,Open Top 4WD 4dr SUV (6.5L 8cyl Turbodiesel 4A)
2001,HUMMER,H1,Wagon 4WD 4dr SUV (6.5L 8cyl Turbodiesel 4A)
2001,Honda,Odyssey,EX 4dr Minivan w/Navigation (3.5L 6cyl 4A)
2001,Honda,Odyssey,LX 4dr Minivan (3.5L 6cyl 4A)
2001,Honda,Odyssey,EX 4dr Minivan (3.5L 6cyl 4A)
2001,Honda,Accord,EX 4dr Sedan (2.3L 4cyl 4A)
2001,Honda,Accord,EX 2dr Coupe w/Leather (2.3L 4cyl 5M)
2001,Honda,Accord,EX 4dr Sedan w/Leather (2.3L 4cyl 4A)
2001,Honda,Accord,EX 4dr Sedan (2.3L 4cyl 5M)
2001,Honda,Accord,EX V-6 2dr Coupe (3.0L 6cyl 4A)
2001,Honda,Accord,EX 4dr Sedan w/Leather (2.3L 4cyl 5M)
2001,Honda,Accord,LX 2dr Coupe (2.3L 4cyl 4A)
2001,Honda,Accord,EX V-6 4dr Sedan (3.0L 6cyl 4A)
2001,Honda,Accord,EX 2dr Coupe (2.3L 4cyl 4A)
2001,Honda,Accord,DX 4dr Sedan (2.3L 4cyl 5M)
2001,Honda,Accord,DX 4dr Sedan (2.3L 4cyl 4A)
2001,Honda,Accord,DX 4dr Sedan w/Side Airbags (2.3L 4cyl 5M)
2001,Honda,Accord,DX 4dr Sedan w/Side Airbags (2.3L 4cyl 4A)
2001,Honda,Accord,EX 2dr Coupe w/Leather (2.3L 4cyl 4A)
2001,Honda,Accord,EX 2dr Coupe (2.3L 4cyl 5M)
2001,Honda,Accord,LX V-6 4dr Sedan (3.0L 6cyl 4A)
2001,Honda,Accord,Value Package 4dr Sedan (2.3L 4cyl 4A)
2001,Honda,Accord,LX 4dr Sedan w/Side Airbags (2.3L 4cyl 5M)
2001,Honda,Accord,LX V-6 2dr Coupe (3.0L 6cyl 4A)
2001,Honda,Accord,Value Package 4dr Sedan w/Side Airbags (2.3L 4cyl 4A)
2001,Honda,Accord,LX 2dr Coupe w/Side Airbags (2.3L 4cyl 5M)
2001,Honda,Accord,LX 4dr Sedan (2.3L 4cyl 4A)
2001,Honda,Accord,LX 2dr Coupe (2.3L 4cyl 5M)
2001,Honda,Accord,LX 2dr Coupe w/Side Airbags (2.3L 4cyl 4A)
2001,Honda,Accord,LX 4dr Sedan w/ABS and Side Airbags (2.3L 4cyl 4A)
2001,Honda,Accord,LX 4dr Sedan w/Side Airbags (2.3L 4cyl 4A)
2001,Honda,Accord,LX 4dr Sedan (2.3L 4cyl 5M)
2001,Honda,Accord,LX 4dr Sedan w/ABS (2.3L 4cyl 4A)
2001,Honda,Insight,2dr Hatchback w/AC (1.0L 3cyl Gas/Elec Hybrid 5M)
2001,Honda,Insight,2dr Hatchback w/AC (1.0L 3cyl Gas/Elec Hybrid CVT)
2001,Honda,Insight,2dr Hatchback (1.0L 3cyl Gas/Elec Hybrid 5M)
2001,Honda,Prelude,SH 2dr Coupe (2.2L 4cyl 5M)
2001,Honda,Prelude,2dr Coupe (2.2L 4cyl 4A)
2001,Honda,Prelude,2dr Coupe (2.2L 4cyl 5M)
2001,Honda,CR-V,LX 2WD 4dr SUV (2.0L 4cyl 4A)
2001,Honda,CR-V,EX 4WD 4dr SUV (2.0L 4cyl 5M)
2001,Honda,CR-V,EX 4WD 4dr SUV (2.0L 4cyl 4A)
2001,Honda,CR-V,SE 4WD 4dr SUV (2.0L 4cyl 4A)
2001,Honda,CR-V,LX 4WD 4dr SUV (2.0L 4cyl 5M)
2001,Honda,CR-V,LX 4WD 4dr SUV (2.0L 4cyl 4A)
2001,Honda,Civic,LX 2dr Coupe w/Side Airbags (1.7L 4cyl 4A)
2001,Honda,Civic,EX 4dr Sedan w/Side Airbags (1.7L 4cyl 5M)
2001,Honda,Civic,EX 4dr Sedan (1.7L 4cyl 5M)
2001,Honda,Civic,LX 2dr Coupe (1.7L 4cyl 5M)
2001,Honda,Civic,EX 4dr Sedan (1.7L 4cyl 4A)
2001,Honda,Civic,LX 2dr Coupe (1.7L 4cyl 4A)
2001,Honda,Civic,EX 2dr Coupe w/Side Airbags (1.7L 4cyl 5M)
2001,Honda,Civic,LX 4dr Sedan w/Side Airbags (1.7L 4cyl 4A)
2001,Honda,Civic,HX 2dr Coupe w/Side Airbags (1.7L 4cyl 5M)
2001,Honda,Civic,LX 4dr Sedan (1.7L 4cyl 5M)
2001,Honda,Civic,HX 2dr Coupe (1.7L 4cyl 5M)
2001,Honda,Civic,LX 4dr Sedan (1.7L 4cyl 4A)
2001,Honda,Civic,LX 2dr Coupe w/Side Airbags (1.7L 4cyl 5M)
2001,Honda,Civic,EX 4dr Sedan w/Side Airbags (1.7L 4cyl 4A)
2001,Honda,Civic,DX 4dr Sedan w/Side Airbags (1.7L 4cyl 4A)
2001,Honda,Civic,DX 4dr Sedan (1.7L 4cyl 5M)
2001,Honda,Civic,DX 4dr Sedan (1.7L 4cyl 4A)
2001,Honda,Civic,HX 2dr Coupe w/Side Airbags (1.7L 4cyl CVT)
2001,Honda,Civic,DX 2dr Coupe w/Side Airbags (1.7L 4cyl 5M)
2001,Honda,Civic,HX 2dr Coupe (1.7L 4cyl CVT)
2001,Honda,Civic,LX 4dr Sedan w/Side Airbags (1.7L 4cyl 5M)
2001,Honda,Civic,EX 2dr Coupe w/Side Airbags (1.7L 4cyl 4A)
2001,Honda,Civic,EX 2dr Coupe (1.7L 4cyl 5M)
2001,Honda,Civic,EX 2dr Coupe (1.7L 4cyl 4A)
2001,Honda,Civic,DX 4dr Sedan w/Side Airbags (1.7L 4cyl 5M)
2001,Honda,Civic,DX 2dr Coupe (1.7L 4cyl 5M)
2001,Honda,Civic,DX 2dr Coupe w/Side Airbags (1.7L 4cyl 4A)
2001,Honda,Civic,DX 2dr Coupe (1.7L 4cyl 4A)
2001,Honda,S2000,2dr Roadster (2.0L 4cyl 6M)
2001,Honda,Passport,EX 4WD 4dr SUV (3.2L 6cyl 4A)
2001,Honda,Passport,EX 4WD 4dr SUV w/Luxury Package (3.2L 6cyl 4A)
2001,Honda,Passport,EX 2WD 4dr SUV (3.2L 6cyl 4A)
2001,Honda,Passport,EX 2WD 4dr SUV w/Luxury Package (3.2L 6cyl 4A)
2001,Honda,Passport,LX 4WD 4dr SUV (3.2L 6cyl 4A)
2001,Honda,Passport,LX 4WD 4dr SUV (3.2L 6cyl 5M)
2001,Honda,Passport,LX 2WD 4dr SUV (3.2L 6cyl 4A)
2001,Honda,Passport,LX 2WD 4dr SUV (3.2L 6cyl 5M)
2001,Hyundai,Santa Fe,GL 2WD 4dr SUV (2.4L 4cyl 4A)
2001,Hyundai,Santa Fe,GL 2WD 4dr SUV (2.7L 6cyl 4A)
2001,Hyundai,Santa Fe,GL 2WD 4dr SUV (2.4L 4cyl 5M)
2001,Hyundai,Santa Fe,GLS 2WD 4dr SUV (2.7L 6cyl 4A)
2001,Hyundai,Santa Fe,GL 4WD 4dr SUV (2.7L 6cyl 4A)
2001,Hyundai,Santa Fe,LX 2WD 4dr SUV (2.7L 6cyl 4A)
2001,Hyundai,Santa Fe,GLS 4WD 4dr SUV (2.7L 6cyl 4A)
2001,Hyundai,Santa Fe,LX 4WD 4dr SUV (2.7L 6cyl 4A)
2001,Hyundai,Elantra,GLS 4dr Sedan (2.0L 4cyl 4A)
2001,Hyundai,Elantra,GLS 4dr Sedan (2.0L 4cyl 5M)
2001,Hyundai,Elantra,GT 4dr Hatchback (2.0L 4cyl 5M)
2001,Hyundai,Elantra,GT 4dr Hatchback (2.0L 4cyl 4A)
2001,Hyundai,Accent,GL 4dr Sedan (1.6L 4cyl 5M)
2001,Hyundai,Accent,GL 4dr Sedan (1.6L 4cyl 4A)
2001,Hyundai,Accent,GS 2dr Hatchback (1.6L 4cyl 5M)
2001,Hyundai,Accent,GS 2dr Hatchback (1.6L 4cyl 4A)
2001,Hyundai,Accent,L 2dr Hatchback (1.5L 4cyl 5M)
2001,Hyundai,XG300,4dr Sedan (3.0L 6cyl 5A)
2001,Hyundai,XG300,L 4dr Sedan (3.0L 6cyl 5A)
2001,Hyundai,Tiburon,2dr Coupe (2.0L 4cyl 4A)
2001,Hyundai,Tiburon,2dr Coupe (2.0L 4cyl 5M)
2001,Hyundai,Sonata,GLS 4dr Sedan w/Leather (2.5L 6cyl 5M)
2001,Hyundai,Sonata,4dr Sedan (2.4L 4cyl 5M)
2001,Hyundai,Sonata,GLS 4dr Sedan (2.5L 6cyl 4A)
2001,Hyundai,Sonata,GLS 4dr Sedan (2.5L 6cyl 5M)
2001,Hyundai,Sonata,4dr Sedan (2.4L 4cyl 4A)
2001,Hyundai,Sonata,GLS 4dr Sedan w/Leather (2.5L 6cyl 4A)
2001,Infiniti,I30,4dr Sedan (3.0L 6cyl 4A)
2001,Infiniti,I30,Touring 4dr Sedan (3.0L 6cyl 4A)
2001,Infiniti,Q45,Luxury 4dr Sedan (4.1L 8cyl 4A)
2001,Infiniti,Q45,Touring 4dr Sedan (4.1L 8cyl 4A)
2001,Infiniti,G20,4dr Sedan (2.0L 4cyl 4A)
2001,Infiniti,G20,4dr Sedan (2.0L 4cyl 5M)
2001,Infiniti,G20,Touring 4dr Sedan (2.0L 4cyl 4A)
2001,Infiniti,G20,Touring 4dr Sedan (2.0L 4cyl 5M)
2001,Infiniti,QX4,4WD 4dr SUV (3.5L 6cyl 4A)
2001,Infiniti,QX4,2WD 4dr SUV (3.5L 6cyl 4A)
2001,Isuzu,Rodeo,S 2WD 4dr SUV (2.2L 4cyl 4A)
2001,Isuzu,Rodeo,LSE 4WD 4dr SUV (3.2L 6cyl 4A)
2001,Isuzu,Rodeo,LSE 2WD 4dr SUV (3.2L 6cyl 4A)
2001,Isuzu,Rodeo,LS 4WD 4dr SUV (3.2L 6cyl 5M)
2001,Isuzu,Rodeo,LS 4WD 4dr SUV (3.2L 6cyl 4A)
2001,Isuzu,Rodeo,LS 2WD 4dr SUV (3.2L 6cyl 5M)
2001,Isuzu,Rodeo,LS 2WD 4dr SUV (3.2L 6cyl 4A)
2001,Isuzu,Rodeo,S V6 4WD 4dr SUV (3.2L 6cyl 5M)
2001,Isuzu,Rodeo,S V6 4WD 4dr SUV (3.2L 6cyl 4A)
2001,Isuzu,Rodeo,S V6 2WD 4dr SUV (3.2L 6cyl 5M)
2001,Isuzu,Rodeo,S V6 2WD 4dr SUV (3.2L 6cyl 4A)
2001,Isuzu,Rodeo,S 2WD 4dr SUV (2.2L 4cyl 5M)
2001,Isuzu,Rodeo Sport,V6 Soft Top 4WD 2dr SUV (3.2L 6cyl 4A)
2001,Isuzu,Rodeo Sport,V6 Soft Top 4WD 2dr SUV (3.2L 6cyl 5M)
2001,Isuzu,Rodeo Sport,V6 Hard Top 4WD 2dr SUV (3.2L 6cyl 4A)
2001,Isuzu,Rodeo Sport,V6 Soft Top 2WD 2dr SUV (3.2L 6cyl 4A)
2001,Isuzu,Rodeo Sport,Soft Top 2WD 2dr SUV (2.2L 4cyl 5M)
2001,Isuzu,Rodeo Sport,V6 Hard Top 2WD 2dr SUV (3.2L 6cyl 4A)
2001,Isuzu,Rodeo Sport,Soft Top 2WD 2dr SUV (2.2L 4cyl 4A)
2001,Isuzu,Rodeo Sport,Hard Top 2WD 2dr SUV (2.2L 4cyl 5M)
2001,Isuzu,Rodeo Sport,Hard Top 2WD 2dr SUV (2.2L 4cyl 4A)
2001,Isuzu,Trooper,Limited 2WD 4dr SUV (3.5L 6cyl 4A)
2001,Isuzu,Trooper,Limited 4WD 4dr SUV (3.5L 6cyl 4A)
2001,Isuzu,Trooper,S 4WD 4dr SUV (3.5L 6cyl 5M)
2001,Isuzu,Trooper,S 2WD 4dr SUV (3.5L 6cyl 4A)
2001,Isuzu,Trooper,S 4WD 4dr SUV (3.5L 6cyl 4A)
2001,Isuzu,Trooper,LS 2WD 4dr SUV (3.5L 6cyl 4A)
2001,Isuzu,Trooper,LS 4WD 4dr SUV (3.5L 6cyl 4A)
2001,Jaguar,XJ-Series,XJ8 L 4dr Sedan (4.0L 8cyl 5A)
2001,Jaguar,XJ-Series,XJ8 4dr Sedan (4.0L 8cyl 5A)
2001,Jaguar,XJ-Series,XJR 4dr Sedan (4.0L 8cyl S/C 5A)
2001,Jaguar,XJ-Series,Vanden Plas 4dr Sedan (4.0L 8cyl 5A)
2001,Jaguar,XJ-Series,Vanden Plas Supercharged 4dr Sedan (4.0L 8cyl S/C 5A)
2001,Jaguar,XK-Series,XK8 2dr Coupe (4.0L 8cyl 5A)
2001,Jaguar,XK-Series,XKR 2dr Coupe (4.0L 8cyl S/C 5A)
2001,Jaguar,XK-Series,XK8 2dr Convertible (4.0L 8cyl 5A)
2001,Jaguar,XK-Series,XKR Silverstone 2dr Coupe (4.0L 8cyl S/C 5A)
2001,Jaguar,XK-Series,XKR 2dr Convertible (4.0L 8cyl S/C 5A)
2001,Jaguar,XK-Series,XKR Silverstone 2dr Convertible (4.0L 8cyl S/C 5A)
2001,Jaguar,S-Type,V6 4dr Sedan (3.0L 6cyl 5A)
2001,Jaguar,S-Type,V8 4dr Sedan (4.0L 8cyl 5A)
2001,Jeep,Wrangler,Sahara 4WD 2dr Convertible SUV (4.0L 6cyl 5M)
2001,Jeep,Wrangler,SE 4WD 2dr Convertible SUV (2.5L 4cyl 5M)
2001,Jeep,Wrangler,Sport 4WD 2dr Convertible SUV (4.0L 6cyl 5M)
2001,Jeep,Grand Cherokee,Limited 4WD 4dr SUV (4.0L 6cyl 4A)
2001,Jeep,Grand Cherokee,Laredo 2WD 4dr SUV (4.0L 6cyl 4A)
2001,Jeep,Grand Cherokee,Laredo 4WD 4dr SUV (4.0L 6cyl 4A)
2001,Jeep,Grand Cherokee,Limited 2WD 4dr SUV (4.0L 6cyl 4A)
2001,Jeep,Cherokee,SE 4WD 4dr SUV (4.0L 6cyl 5M)
2001,Jeep,Cherokee,Sport 2WD 2dr SUV (4.0L 6cyl 5M)
2001,Jeep,Cherokee,Sport 4WD 2dr SUV (4.0L 6cyl 5M)
2001,Jeep,Cherokee,Sport 2WD 4dr SUV (4.0L 6cyl 5M)
2001,Jeep,Cherokee,SE 2WD 2dr SUV (4.0L 6cyl 5M)
2001,Jeep,Cherokee,SE 4WD 2dr SUV (4.0L 6cyl 5M)
2001,Jeep,Cherokee,SE 2WD 4dr SUV (4.0L 6cyl 5M)
2001,Jeep,Cherokee,Limited 2WD 4dr SUV (4.0L 6cyl 4A)
2001,Jeep,Cherokee,Classic 4WD 4dr SUV (4.0L 6cyl 4A)
2001,Jeep,Cherokee,Limited 4WD 4dr SUV (4.0L 6cyl 4A)
2001,Jeep,Cherokee,Sport 4WD 4dr SUV (4.0L 6cyl 5M)
2001,Jeep,Cherokee,Classic 2WD 4dr SUV (4.0L 6cyl 4A)
2001,Kia,Rio,4dr Sedan (1.5L 4cyl 4A)
2001,Kia,Rio,4dr Sedan (1.5L 4cyl 5M)
2001,Kia,Sportage,EX 4WD 4dr SUV (2.0L 4cyl 5M)
2001,Kia,Sportage,EX 4WD 4dr SUV (2.0L 4cyl 4A)
2001,Kia,Sportage,2WD 4dr SUV (2.0L 4cyl 5M)
2001,Kia,Sportage,2WD 4dr SUV (2.0L 4cyl 4A)
2001,Kia,Sportage,4WD 2dr Convertible SUV (2.0L 4cyl 5M)
2001,Kia,Sportage,2WD 2dr Convertible SUV (2.0L 4cyl 4A)
2001,Kia,Sportage,EX 2WD 4dr SUV (2.0L 4cyl 5M)
2001,Kia,Sportage,EX 2WD 4dr SUV (2.0L 4cyl 4A)
2001,Kia,Sportage,4WD 4dr SUV (2.0L 4cyl 5M)
2001,Kia,Sportage,4WD 4dr SUV (2.0L 4cyl 4A)
2001,Kia,Spectra,GSX 4dr Hatchback (1.8L 4cyl 4A)
2001,Kia,Spectra,GSX 4dr Hatchback (1.8L 4cyl 5M)
2001,Kia,Spectra,GS 4dr Hatchback (1.8L 4cyl 4A)
2001,Kia,Spectra,GS 4dr Hatchback (1.8L 4cyl 5M)
2001,Kia,Optima,LX V6 4dr Sedan (2.5L 6cyl 4A)
2001,Kia,Optima,SE 4dr Sedan (2.4L 4cyl 4A)
2001,Kia,Optima,LX 4dr Sedan (2.4L 4cyl 4A)
2001,Kia,Optima,LX 4dr Sedan (2.4L 4cyl 5M)
2001,Kia,Optima,SE 4dr Sedan (2.4L 4cyl 5M)
2001,Kia,Optima,SE V6 4dr Sedan (2.5L 6cyl 4A)
2001,Kia,Sephia,LS 4dr Sedan (1.8L 4cyl 4A)
2001,Kia,Sephia,LS 4dr Sedan (1.8L 4cyl 5M)
2001,Kia,Sephia,4dr Sedan (1.8L 4cyl 4A)
2001,Kia,Sephia,4dr Sedan (1.8L 4cyl 5M)
2001,Lamborghini,Diablo,6.0 VT 2dr Coupe AWD (6.0L 12cyl 5M)
2001,Land Rover,Range Rover,4.6 HSE 4WD 4dr SUV (4.6L 8cyl 4A)
2001,Land Rover,Range Rover,4.6 SE 4WD 4dr SUV (4.6L 8cyl 4A)
2001,Land Rover,Discovery Series II,SD 4WD 4dr SUV (4.0L 8cyl 4A)
2001,Land Rover,Discovery Series II,LE 4WD 4dr SUV (4.0L 8cyl 4A)
2001,Land Rover,Discovery Series II,SE 4WD 4dr SUV (4.0L 8cyl 4A)
2001,Lexus,ES 300,4dr Sedan (3.0L 6cyl 4A)
2001,Lexus,GS 430,4dr Sedan (4.3L 8cyl 5A)
2001,Lexus,GS 300,4dr Sedan (3.0L 6cyl 5A)
2001,Lexus,IS 300,4dr Sedan (3.0L 6cyl 5A)
2001,Lexus,LX 470,4WD 4dr SUV (4.7L 8cyl 4A)
2001,Lexus,LS 430,4dr Sedan (4.3L 8cyl 5A)
2001,Lexus,RX 300,2WD 4dr SUV (3.0L 6cyl 4A)
2001,Lexus,RX 300,4WD 4dr SUV (3.0L 6cyl 4A)
2001,Lincoln,Continental,4dr Sedan (4.6L 8cyl 4A)
2001,Lincoln,Town Car,Cartier 4dr Sedan (4.6L 8cyl 4A)
2001,Lincoln,Town Car,Executive 4dr Sedan (4.6L 8cyl 4A)
2001,Lincoln,Town Car,Cartier L 4dr Sedan (4.6L 8cyl 4A)
2001,Lincoln,Town Car,Signature 4dr Sedan (4.6L 8cyl 4A)
2001,Lincoln,LS,4dr Sedan (3.9L 8cyl 5A)
2001,Lincoln,LS,4dr Sedan (3.0L 6cyl 5A)
2001,Lincoln,LS,4dr Sedan (3.0L 6cyl 5M)
2001,Lincoln,Navigator,2WD 4dr SUV (5.4L 8cyl 4A)
2001,Lincoln,Navigator,4WD 4dr SUV (5.4L 8cyl 4A)
2001,Lotus,Esprit,V8 2dr Coupe (3.5L 8cyl Turbo 5M)
2001,Mazda,MPV,ES 4dr Minivan (2.5L 6cyl 4A)
2001,Mazda,MPV,LX 4dr Minivan (2.5L 6cyl 4A)
2001,Mazda,MPV,DX 4dr Minivan (2.5L 6cyl 4A)
2001,Mazda,MX-5 Miata,2dr Roadster (1.8L 4cyl 5M)
2001,Mazda,MX-5 Miata,LS 2dr Roadster (1.8L 4cyl 5M)
2001,Mazda,MX-5 Miata,Special Edition 2dr Roadster (1.8L 4cyl 6M)
2001,Mazda,Tribute,LX-V6 4WD 4dr SUV (3.0L 6cyl 4A)
2001,Mazda,Tribute,LX-V6 2WD 4dr SUV (3.0L 6cyl 4A)
2001,Mazda,Tribute,ES-V6 4WD 4dr SUV (3.0L 6cyl 4A)
2001,Mazda,Tribute,ES-V6 2WD 4dr SUV (3.0L 6cyl 4A)
2001,Mazda,Tribute,DX-V6 4WD 4dr SUV (3.0L 6cyl 4A)
2001,Mazda,Tribute,DX-V6 2WD 4dr SUV (3.0L 6cyl 4A)
2001,Mazda,Tribute,DX 4WD 4dr SUV (2.0L 4cyl 5M)
2001,Mazda,Tribute,DX 2WD 4dr SUV (2.0L 4cyl 5M)
2001,Mazda,626,LX-V6 4dr Sedan (2.5L 6cyl 5M)
2001,Mazda,626,LX 4dr Sedan (2.0L 4cyl 5M)
2001,Mazda,626,ES-V6 4dr Sedan (2.5L 6cyl 5M)
2001,Mazda,626,ES 4dr Sedan (2.0L 4cyl 4A)
2001,Mazda,Millenia,S 4dr Sedan (2.3L 6cyl S/C 4A)
2001,Mazda,Millenia,Premium 4dr Sedan (2.5L 6cyl 4A)
2001,Mazda,B-Series,4dr Cab Plus 4 B4000 SE 4WD SB (4.0L 6cyl 5M)
2001,Mazda,B-Series,4dr Cab Plus 4 B3000 SE 2WD SB (3.0L 6cyl 5M)
2001,Mazda,B-Series,4dr Cab Plus 4 B4000 DS 2WD SB (4.0L 6cyl 5M)
2001,Mazda,B-Series,2dr Regular Cab B3000 SE 2WD SB (3.0L 6cyl 5M)
2001,Mazda,B-Series,2dr Regular Cab B3000 SE 4WD SB (3.0L 6cyl 5M)
2001,Mazda,B-Series,2dr Regular Cab B2500 SX 2WD SB (2.5L 4cyl 5M)
2001,Mazda,B-Series,2dr Regular Cab B2500 SE 2WD SB (2.5L 4cyl 5M)
2001,Mazda,B-Series,2dr Regular Cab B3000 DS 2WD SB (3.0L 6cyl 5M)
2001,Mazda,B-Series,2dr Cab Plus B3000 DS 2WD SB (3.0L 6cyl 5M)
2001,Mazda,B-Series,2dr Cab Plus B3000 SE 4WD SB (3.0L 6cyl 5M)
2001,Mazda,B-Series,2dr Cab Plus B3000 SE 2WD SB (3.0L 6cyl 5M)
2001,Mazda,B-Series,2dr Regular Cab B2300 SX 2WD SB (2.3L 4cyl 5M)
2001,Mazda,B-Series,2dr Regular Cab B2300 SE 2WD SB (2.3L 4cyl 5M)
2001,Mazda,Protege,LX 2.0 4dr Sedan (2.0L 4cyl 5M)
2001,Mazda,Protege,LX 4dr Sedan (1.6L 4cyl 5M)
2001,Mazda,Protege,DX 4dr Sedan (1.6L 4cyl 5M)
2001,Mazda,Protege,ES 4dr Sedan (2.0L 4cyl 5M)
2001,Mazda,Protege,MP3 4dr Sedan (2.0L 4cyl 5M)
2001,Mercedes-Benz,C-Class,C320 4dr Sedan (3.2L 6cyl 5A)
2001,Mercedes-Benz,C-Class,C240 4dr Sedan (2.6L 6cyl 6M)
2001,Mercedes-Benz,SL-Class,SL600 2dr Convertible (6.0L 12cyl 5A)
2001,Mercedes-Benz,SL-Class,SL500 2dr Convertible (5.0L 8cyl 5A)
2001,Mercedes-Benz,E-Class,E55 AMG Rwd 4dr Sedan (5.4L 8cyl 5A)
2001,Mercedes-Benz,E-Class,E320 4MATIC AWD 4dr Sedan (3.2L 6cyl 5A)
2001,Mercedes-Benz,E-Class,E320 4MATIC AWD 4dr Wagon (3.2L 6cyl 5A)
2001,Mercedes-Benz,E-Class,E430 Rwd 4dr Sedan (4.3L 8cyl 5A)
2001,Mercedes-Benz,E-Class,E430 4MATIC AWD 4dr Sedan (4.3L 8cyl 5A)
2001,Mercedes-Benz,E-Class,E320 Rwd 4dr Sedan (3.2L 6cyl 5A)
2001,Mercedes-Benz,E-Class,E320 Rwd 4dr Wagon (3.2L 6cyl 5A)
2001,Mercedes-Benz,S-Class,S430 4dr Sedan (4.3L 8cyl 5A)
2001,Mercedes-Benz,S-Class,S500 4dr Sedan (5.0L 8cyl 5A)
2001,Mercedes-Benz,S-Class,S55 AMG 4dr Sedan (5.4L 8cyl 5A)
2001,Mercedes-Benz,S-Class,S600 4dr Sedan (5.8L 12cyl 5A)
2001,Mercedes-Benz,CLK-Class,CLK430 2dr Coupe (4.3L 8cyl 5A)
2001,Mercedes-Benz,CLK-Class,CLK320 2dr Cabriolet (3.2L 6cyl 5A)
2001,Mercedes-Benz,CLK-Class,CLK320 2dr Coupe (3.2L 6cyl 5A)
2001,Mercedes-Benz,CLK-Class,CLK430 2dr Cabriolet (4.3L 8cyl 5A)
2001,Mercedes-Benz,CLK-Class,CLK55 AMG 2dr Coupe (5.4L 8cyl 5A)
2001,Mercedes-Benz,SLK-Class,SLK 320 2dr Convertible (3.2L 6cyl 6M)
2001,Mercedes-Benz,SLK-Class,SLK 230 Kompressor 2dr Convertible (2.3L 4cyl S/C 6M)
2001,Mercedes-Benz,M-Class,ML320 AWD 4dr SUV (3.2L 6cyl 5A)
2001,Mercedes-Benz,M-Class,ML430 AWD 4dr SUV (4.3L 8cyl 5A)
2001,Mercedes-Benz,M-Class,ML55 AMG AWD 4dr SUV (5.4L 8cyl 5A)
2001,Mercedes-Benz,CL-Class,CL600 2dr Coupe (5.8L 12cyl 5A)
2001,Mercedes-Benz,CL-Class,CL55 AMG 2dr Coupe (5.4L 8cyl 5A)
2001,Mercedes-Benz,CL-Class,CL500 2dr Coupe (5.0L 8cyl 5A)
2001,Mercury,Villager,4dr Minivan (3.3L 6cyl 4A)
2001,Mercury,Villager,Sport 4dr Minivan (3.3L 6cyl 4A)
2001,Mercury,Villager,Estate 4dr Minivan (3.3L 6cyl 4A)
2001,Mercury,Mountaineer,2WD 4dr SUV (4.0L 6cyl 5A)
2001,Mercury,Mountaineer,AWD 4dr SUV (5.0L 8cyl 4A)
2001,Mercury,Mountaineer,4WD 4dr SUV (4.0L 6cyl 5A)
2001,Mercury,Cougar,2dr Hatchback (2.0L 4cyl 5M)
2001,Mercury,Cougar,2dr Hatchback (2.5L 6cyl 5M)
2001,Mercury,Grand Marquis,LS Premium 4dr Sedan (4.6L 8cyl 4A)
2001,Mercury,Grand Marquis,GS 4dr Sedan (4.6L 8cyl 4A)
2001,Mercury,Sable,GS 4dr Wagon (3.0L 6cyl 4A)
2001,Mercury,Sable,LS Premium 4dr Wagon (3.0L 6cyl 4A)
2001,Mercury,Sable,GS 4dr Sedan (3.0L 6cyl 4A)
2001,Mercury,Sable,LS Premium 4dr Sedan (3.0L 6cyl 4A)
2001,Mercury,Sable,LS 4dr Sedan (3.0L 6cyl 4A)
2001,Mitsubishi,Montero,XLS 4WD 4dr SUV (3.5L 6cyl 4A)
2001,Mitsubishi,Montero,Limited 4WD 4dr SUV (3.5L 6cyl 4A)
2001,Mitsubishi,Galant,DE 4dr Sedan (2.4L 4cyl 4A)
2001,Mitsubishi,Galant,ES 4dr Sedan (2.4L 4cyl 4A)
2001,Mitsubishi,Galant,ES V6 4dr Sedan (3.0L 6cyl 4A)
2001,Mitsubishi,Galant,GTZ 4dr Sedan (3.0L 6cyl 4A)
2001,Mitsubishi,Galant,LS 4dr Sedan (3.0L 6cyl 4A)
2001,Mitsubishi,Eclipse Spyder,GS 2dr Convertible (2.4L 4cyl 5M)
2001,Mitsubishi,Eclipse Spyder,GS 2dr Convertible (2.4L 4cyl 4A)
2001,Mitsubishi,Eclipse Spyder,GT 2dr Convertible (3.0L 6cyl 5M)
2001,Mitsubishi,Eclipse Spyder,GT 2dr Convertible (3.0L 6cyl 4A)
2001,Mitsubishi,Montero Sport,LS 4WD 4dr SUV (3.0L 6cyl 4A)
2001,Mitsubishi,Montero Sport,LS 2WD 4dr SUV (3.0L 6cyl 4A)
2001,Mitsubishi,Montero Sport,ES 4WD 4dr SUV (3.0L 6cyl 4A)
2001,Mitsubishi,Montero Sport,ES 2WD 4dr SUV (3.0L 6cyl 4A)
2001,Mitsubishi,Montero Sport,XLS 4WD 4dr SUV (3.0L 6cyl 4A)
2001,Mitsubishi,Montero Sport,XLS 2WD 4dr SUV (3.0L 6cyl 4A)
2001,Mitsubishi,Montero Sport,LTD 4WD 4dr SUV (3.5L 6cyl 4A)
2001,Mitsubishi,Montero Sport,LTD 2WD 4dr SUV (3.5L 6cyl 4A)
2001,Mitsubishi,Montero Sport,3.5XS 2WD 4dr SUV (3.5L 6cyl 4A)
2001,Mitsubishi,Montero Sport,3.5XS 4WD 4dr SUV (3.5L 6cyl 4A)
2001,Mitsubishi,Diamante,LS 4dr Sedan (3.5L 6cyl 4A)
2001,Mitsubishi,Diamante,ES 4dr Sedan (3.5L 6cyl 4A)
2001,Mitsubishi,Eclipse,GS 2dr Hatchback (2.4L 4cyl 5M)
2001,Mitsubishi,Eclipse,GS 2dr Hatchback (2.4L 4cyl 4A)
2001,Mitsubishi,Eclipse,GT 2dr Hatchback (3.0L 6cyl 5M)
2001,Mitsubishi,Eclipse,GT 2dr Hatchback (3.0L 6cyl 4A)
2001,Mitsubishi,Eclipse,RS 2dr Hatchback (2.4L 4cyl 5M)
2001,Mitsubishi,Eclipse,RS 2dr Hatchback (2.4L 4cyl 4A)
2001,Mitsubishi,Mirage,DE 2dr Coupe (1.5L 4cyl 4A)
2001,Mitsubishi,Mirage,DE 2dr Coupe (1.5L 4cyl 5M)
2001,Mitsubishi,Mirage,ES 4dr Sedan (1.8L 4cyl 4A)
2001,Mitsubishi,Mirage,ES 4dr Sedan (1.8L 4cyl 5M)
2001,Mitsubishi,Mirage,LS 2dr Coupe (1.8L 4cyl 4A)
2001,Mitsubishi,Mirage,LS 2dr Coupe (1.8L 4cyl 5M)
2001,Mitsubishi,Mirage,LS 4dr Sedan (1.8L 4cyl 4A)
2001,Mitsubishi,Mirage,LS 4dr Sedan (1.8L 4cyl 5M)
2001,Nissan,Pathfinder,LE 2WD 4dr SUV (3.5L 6cyl 4A)
2001,Nissan,Pathfinder,SE 4WD 4dr SUV (3.5L 6cyl 5M)
2001,Nissan,Pathfinder,XE 2WD 4dr SUV (3.5L 6cyl 4A)
2001,Nissan,Pathfinder,XE 4WD 4dr SUV (3.5L 6cyl 4A)
2001,Nissan,Pathfinder,LE 4WD 4dr SUV (3.5L 6cyl 4A)
2001,Nissan,Pathfinder,SE 2WD 4dr SUV (3.5L 6cyl 4A)
2001,Nissan,Pathfinder,SE 2WD 4dr SUV (3.5L 6cyl 5M)
2001,Nissan,Pathfinder,SE 4WD 4dr SUV (3.5L 6cyl 4A)
2001,Nissan,Altima,GXE 4dr Sedan (2.4L 4cyl 5M)
2001,Nissan,Altima,GXE 4dr Sedan (2.4L 4cyl 4A)
2001,Nissan,Altima,GLE 4dr Sedan (2.4L 4cyl 4A)
2001,Nissan,Altima,XE 4dr Sedan (2.4L 4cyl 5M)
2001,Nissan,Altima,XE 4dr Sedan (2.4L 4cyl 4A)
2001,Nissan,Altima,SE 4dr Sedan (2.4L 4cyl 5M)
2001,Nissan,Altima,SE 4dr Sedan (2.4L 4cyl 4A)
2001,Nissan,Maxima,SE 20th Anniversary 4dr Sedan (3.0L 6cyl 5M)
2001,Nissan,Maxima,SE 4dr Sedan (3.0L 6cyl 4A)
2001,Nissan,Maxima,SE 4dr Sedan (3.0L 6cyl 5M)
2001,Nissan,Maxima,GLE 4dr Sedan (3.0L 6cyl 4A)
2001,Nissan,Maxima,GXE 4dr Sedan (3.0L 6cyl 4A)
2001,Nissan,Maxima,GXE 4dr Sedan (3.0L 6cyl 5M)
2001,Nissan,Maxima,SE 20th Anniversary 4dr Sedan (3.0L 6cyl 4A)
2001,Nissan,Xterra,XE 4WD 4dr SUV (3.3L 6cyl 4A)
2001,Nissan,Xterra,XE 4WD 4dr SUV (3.3L 6cyl 5M)
2001,Nissan,Xterra,XE-V6 2WD 4dr SUV (3.3L 6cyl 5M)
2001,Nissan,Xterra,XE-V6 2WD 4dr SUV (3.3L 6cyl 4A)
2001,Nissan,Xterra,XE 2WD 4dr SUV (2.4L 4cyl 5M)
2001,Nissan,Xterra,SE 4WD 4dr SUV (3.3L 6cyl 5M)
2001,Nissan,Xterra,SE 4WD 4dr SUV (3.3L 6cyl 4A)
2001,Nissan,Xterra,SE 2WD 4dr SUV (3.3L 6cyl 5M)
2001,Nissan,Xterra,SE 2WD 4dr SUV (3.3L 6cyl 4A)
2001,Nissan,Frontier,4dr Crew Cab SC-V6 4WD (3.3L 6cyl S/C 4A)
2001,Nissan,Frontier,4dr Crew Cab SC-V6 4WD (3.3L 6cyl S/C 5M)
2001,Nissan,Frontier,4dr Crew Cab SC-V6 2WD (3.3L 6cyl S/C 4A)
2001,Nissan,Frontier,4dr Crew Cab SC-V6 2WD (3.3L 6cyl S/C 5M)
2001,Nissan,Frontier,4dr Crew Cab SE-V6 4WD (3.3L 6cyl 4A)
2001,Nissan,Frontier,4dr Crew Cab SE-V6 4WD (3.3L 6cyl 5M)
2001,Nissan,Frontier,4dr Crew Cab SE-V6 2WD (3.3L 6cyl 4A)
2001,Nissan,Frontier,4dr Crew Cab SE-V6 2WD (3.3L 6cyl 5M)
2001,Nissan,Frontier,4dr Crew Cab SE-V6 4WD w/Leather (3.3L 6cyl 4A)
2001,Nissan,Frontier,4dr Crew Cab SE-V6 4WD w/Leather (3.3L 6cyl 5M)
2001,Nissan,Frontier,4dr Crew Cab SE-V6 2WD w/Leather (3.3L 6cyl 4A)
2001,Nissan,Frontier,4dr Crew Cab SE-V6 2WD w/Leather (3.3L 6cyl 5M)
2001,Nissan,Frontier,4dr Crew Cab XE-V6 4WD (3.3L 6cyl 4A)
2001,Nissan,Frontier,4dr Crew Cab XE-V6 4WD (3.3L 6cyl 5M)
2001,Nissan,Frontier,4dr Crew Cab XE-V6 2WD (3.3L 6cyl 4A)
2001,Nissan,Frontier,4dr Crew Cab XE-V6 2WD (3.3L 6cyl 5M)
2001,Nissan,Frontier,2dr King Cab SE-V6 4WD (3.3L 6cyl 5M)
2001,Nissan,Frontier,2dr King Cab SE-V6 4WD (3.3L 6cyl 4A)
2001,Nissan,Frontier,2dr King Cab SE-V6 Desert Runner 2WD (3.3L 6cyl 5M)
2001,Nissan,Frontier,2dr King Cab SE-V6 Desert Runner 2WD (3.3L 6cyl 4A)
2001,Nissan,Frontier,2dr King Cab SC-V6 2WD (3.3L 6cyl S/C 5M)
2001,Nissan,Frontier,2dr King Cab SC-V6 2WD (3.3L 6cyl S/C 4A)
2001,Nissan,Frontier,2dr King Cab SC-V6 4WD (3.3L 6cyl S/C 5M)
2001,Nissan,Frontier,2dr King Cab SC-V6 4WD (3.3L 6cyl S/C 4A)
2001,Nissan,Frontier,2dr King Cab XE-V6 Desert Runner 2WD (3.3L 6cyl 5M)
2001,Nissan,Frontier,2dr King Cab XE-V6 Desert Runner 2WD (3.3L 6cyl 4A)
2001,Nissan,Frontier,2dr Regular Cab XE 2WD (2.4L 4cyl 5M)
2001,Nissan,Frontier,2dr Regular Cab XE 2WD (2.4L 4cyl 4A)
2001,Nissan,Frontier,2dr King Cab XE 2WD (2.4L 4cyl 5M)
2001,Nissan,Frontier,2dr King Cab XE 2WD (2.4L 4cyl 4A)
2001,Nissan,Frontier,2dr King Cab XE-V6 4WD (3.3L 6cyl 5M)
2001,Nissan,Frontier,2dr King Cab XE-V6 4WD (3.3L 6cyl 4A)
2001,Nissan,Quest,SE 4dr Minivan (3.3L 6cyl 4A)
2001,Nissan,Quest,GXE 4dr Minivan (3.3L 6cyl 4A)
2001,Nissan,Quest,GLE 4dr Minivan (3.3L 6cyl 4A)
2001,Nissan,Sentra,XE 4dr Sedan (1.8L 4cyl 4A)
2001,Nissan,Sentra,SE 4dr Sedan (2.0L 4cyl 5M)
2001,Nissan,Sentra,SE 4dr Sedan (2.0L 4cyl 4A)
2001,Nissan,Sentra,GXE 4dr Sedan (1.8L 4cyl 5M)
2001,Nissan,Sentra,GXE 4dr Sedan (1.8L 4cyl 4A)
2001,Nissan,Sentra,CA 4dr Sedan (1.8L 4cyl 4A)
2001,Nissan,Sentra,XE 4dr Sedan (1.8L 4cyl 5M)
2001,Oldsmobile,Intrigue,GL 4dr Sedan (3.5L 6cyl 4A)
2001,Oldsmobile,Intrigue,GX 4dr Sedan (3.5L 6cyl 4A)
2001,Oldsmobile,Intrigue,GLS 4dr Sedan (3.5L 6cyl 4A)
2001,Oldsmobile,Silhouette,GL 4dr Ext Minivan (3.4L 6cyl 4A)
2001,Oldsmobile,Silhouette,GLS 4dr Ext Minivan (3.4L 6cyl 4A)
2001,Oldsmobile,Silhouette,Premiere 4dr Ext Minivan (3.4L 6cyl 4A)
2001,Oldsmobile,Aurora,4.0 4dr Sedan (4.0L 8cyl 4A)
2001,Oldsmobile,Aurora,3.5 4dr Sedan (3.5L 6cyl 4A)
2001,Oldsmobile,Alero,GL4 2dr Coupe (2.4L 4cyl 4A)
2001,Oldsmobile,Alero,GL4 4dr Sedan (2.4L 4cyl 4A)
2001,Oldsmobile,Alero,GL2 2dr Coupe (2.4L 4cyl 4A)
2001,Oldsmobile,Alero,GL2 4dr Sedan (2.4L 4cyl 4A)
2001,Oldsmobile,Alero,GL1 2dr Coupe (2.4L 4cyl 4A)
2001,Oldsmobile,Alero,GL1 4dr Sedan (2.4L 4cyl 4A)
2001,Oldsmobile,Alero,GX 2dr Coupe (2.4L 4cyl 4A)
2001,Oldsmobile,Alero,GX 4dr Sedan (2.4L 4cyl 4A)
2001,Oldsmobile,Alero,GLS 2dr Coupe (3.4L 6cyl 4A)
2001,Oldsmobile,Alero,GLS 4dr Sedan (3.4L 6cyl 4A)
2001,Oldsmobile,Bravada,AWD 4dr SUV (4.3L 6cyl 4A)
2001,Plymouth,Prowler,2dr Convertible (3.5L 6cyl 4A)
2001,Plymouth,Neon,Highline 4dr Sedan (2.0L 4cyl 5M)
2001,Pontiac,Bonneville,SE 4dr Sedan (3.8L 6cyl 4A)
2001,Pontiac,Bonneville,SLE 4dr Sedan (3.8L 6cyl 4A)
2001,Pontiac,Bonneville,SSEi 4dr Sedan (3.8L 6cyl S/C 4A)
2001,Pontiac,Sunfire,GT 2dr Coupe (2.4L 4cyl 5M)
2001,Pontiac,Sunfire,SE 2dr Coupe (2.2L 4cyl 5M)
2001,Pontiac,Sunfire,SE 4dr Sedan (2.2L 4cyl 5M)
2001,Pontiac,Grand Am,SE1 2dr Coupe (2.4L 4cyl 5M)
2001,Pontiac,Grand Am,SE 4dr Sedan (2.4L 4cyl 5M)
2001,Pontiac,Grand Am,SE1 4dr Sedan (2.4L 4cyl 5M)
2001,Pontiac,Grand Am,GT 2dr Coupe (3.4L 6cyl 4A)
2001,Pontiac,Grand Am,GT1 2dr Coupe (3.4L 6cyl 4A)
2001,Pontiac,Grand Am,GT 4dr Sedan (3.4L 6cyl 4A)
2001,Pontiac,Grand Am,SE 2dr Coupe (2.4L 4cyl 5M)
2001,Pontiac,Grand Am,GT1 4dr Sedan (3.4L 6cyl 4A)
2001,Pontiac,Montana,7-Seat MontanaVision 4dr Ext Minivan (3.4L 6cyl 4A)
2001,Pontiac,Montana,6-Seat Value 4dr Minivan (3.4L 6cyl 4A)
2001,Pontiac,Montana,7-Seat 4dr Ext Minivan (3.4L 6cyl 4A)
2001,Pontiac,Montana,8-Seat 4dr Ext Minivan (3.4L 6cyl 4A)
2001,Pontiac,Montana,7-Seat 4dr Minivan (3.4L 6cyl 4A)
2001,Pontiac,Montana,7-Seat Sport 4dr Minivan (3.4L 6cyl 4A)
2001,Pontiac,Montana,7-Seat Sport 4dr Ext Minivan (3.4L 6cyl 4A)
2001,Pontiac,Montana,8-Seat MontanaVision 4dr Ext Minivan (3.4L 6cyl 4A)
2001,Pontiac,Montana,7-Seat Convenience 4dr Ext Minivan (3.4L 6cyl 4A)
2001,Pontiac,Montana,8-Seat Sport 4dr Ext Minivan (3.4L 6cyl 4A)
2001,Pontiac,Grand Prix,GT 2dr Coupe (3.8L 6cyl 4A)
2001,Pontiac,Grand Prix,GTP 2dr Coupe (3.8L 6cyl S/C 4A)
2001,Pontiac,Grand Prix,GT 4dr Sedan (3.8L 6cyl 4A)
2001,Pontiac,Grand Prix,SE 4dr Sedan (3.1L 6cyl 4A)
2001,Pontiac,Grand Prix,GTP 4dr Sedan (3.8L 6cyl S/C 4A)
2001,Pontiac,Aztek,Fwd 4dr SUV (3.4L 6cyl 4A)
2001,Pontiac,Aztek,GT AWD 4dr SUV (3.4L 6cyl 4A)
2001,Pontiac,Aztek,GT Fwd 4dr SUV (3.4L 6cyl 4A)
2001,Pontiac,Aztek,AWD 4dr SUV (3.4L 6cyl 4A)
2001,Pontiac,Firebird,2dr Convertible (3.8L 6cyl 5M)
2001,Pontiac,Firebird,2dr Hatchback (3.8L 6cyl 5M)
2001,Pontiac,Firebird,Trans Am 2dr Convertible (5.7L 8cyl 4A)
2001,Pontiac,Firebird,Formula 2dr Hatchback (5.7L 8cyl 4A)
2001,Pontiac,Firebird,Trans Am 2dr Hatchback (5.7L 8cyl 4A)
2001,Porsche,911,Carrera Rwd 2dr Coupe (3.4L 6cyl 6M)
2001,Porsche,911,Carrera 4 AWD 2dr Cabriolet (3.4L 6cyl 6M)
2001,Porsche,911,Carrera Rwd 2dr Cabriolet (3.4L 6cyl 6M)
2001,Porsche,911,Carrera Tiptronic Rwd 2dr Cabriolet (3.4L 6cyl 5A)
2001,Porsche,911,Carrera 4 Tiptronic AWD 2dr Coupe (3.4L 6cyl 5A)
2001,Porsche,911,Carrera 4 Tiptronic AWD 2dr Cabriolet (3.4L 6cyl 5A)
2001,Porsche,911,Carrera 4 AWD 2dr Coupe (3.4L 6cyl 6M)
2001,Porsche,911,Turbo Tiptronic AWD 2dr Coupe (3.6L 6cyl Turbo 5A)
2001,Porsche,911,Turbo AWD 2dr Coupe (3.6L 6cyl Turbo 6M)
2001,Porsche,911,Carrera Tiptronic Rwd 2dr Coupe (3.4L 6cyl 5A)
2001,Porsche,Boxster,S 2dr Convertible (3.2L 6cyl 6M)
2001,Porsche,Boxster,2dr Convertible (2.7L 6cyl 5M)
2001,Rolls-Royce,Park Ward,4dr Sedan (5.4L 12cyl 5A)
2001,Rolls-Royce,Silver Seraph,4dr Sedan (5.4L 12cyl 5A)
2001,Rolls-Royce,Corniche,2dr Convertible (6.8L 8cyl Turbo 4A)
2001,Saab,5-Sep,SE V6t 4dr Wagon (3.0L 6cyl Turbo 4A)
2001,Saab,5-Sep,2.3t 4dr Wagon (2.3L 4cyl Turbo 5M)
2001,Saab,5-Sep,Aero 4dr Sedan (2.3L 4cyl Turbo 5M)
2001,Saab,5-Sep,Aero 4dr Wagon (2.3L 4cyl Turbo 5M)
2001,Saab,5-Sep,SE V6t 4dr Sedan (3.0L 6cyl Turbo 4A)
2001,Saab,5-Sep,2.3t 4dr Sedan (2.3L 4cyl Turbo 5M)
2001,Saab,3-Sep,SE 4dr Hatchback (2.0L 4cyl Turbo 5M)
2001,Saab,3-Sep,SE 2dr Convertible (2.0L 4cyl Turbo 5M)
2001,Saab,3-Sep,4dr Hatchback (2.0L 4cyl Turbo 5M)
2001,Saab,3-Sep,2dr Hatchback (2.0L 4cyl Turbo 5M)
2001,Saab,3-Sep,Viggen 2dr Convertible (2.3L 4cyl Turbo 5M)
2001,Saab,3-Sep,Viggen 2dr Hatchback (2.3L 4cyl Turbo 5M)
2001,Saab,3-Sep,Viggen 4dr Hatchback (2.3L 4cyl Turbo 5M)
2001,Saturn,S-Series,SW2 4dr Wagon (1.9L 4cyl 4A)
2001,Saturn,S-Series,SL2 4dr Sedan (1.9L 4cyl 5M)
2001,Saturn,S-Series,SW2 4dr Wagon (1.9L 4cyl 5M)
2001,Saturn,S-Series,SL1 4dr Sedan (1.9L 4cyl 4A)
2001,Saturn,S-Series,SL 4dr Sedan (1.9L 4cyl 5M)
2001,Saturn,S-Series,SL2 4dr Sedan (1.9L 4cyl 4A)
2001,Saturn,S-Series,SL1 4dr Sedan (1.9L 4cyl 5M)
2001,Saturn,S-Series,SC1 3dr Coupe (1.9L 4cyl 5M)
2001,Saturn,S-Series,SC1 3dr Coupe (1.9L 4cyl 4A)
2001,Saturn,S-Series,SC2 3dr Coupe (1.9L 4cyl 5M)
2001,Saturn,S-Series,SC2 3dr Coupe (1.9L 4cyl 4A)
2001,Saturn,L-Series,L200 4dr Sedan (2.2L 4cyl 5M)
2001,Saturn,L-Series,L300 4dr Sedan (3.0L 6cyl 4A)
2001,Saturn,L-Series,LW200 4dr Wagon (2.2L 4cyl 4A)
2001,Saturn,L-Series,LW300 4dr Wagon (3.0L 6cyl 4A)
2001,Saturn,L-Series,L100 4dr Sedan (2.2L 4cyl 4A)
2001,Saturn,L-Series,L100 4dr Sedan (2.2L 4cyl 5M)
2001,Saturn,L-Series,L200 4dr Sedan (2.2L 4cyl 4A)
2001,Subaru,Forester,S AWD 4dr Wagon (2.5L 4cyl 4A)
2001,Subaru,Forester,L AWD 4dr Wagon (2.5L 4cyl 5M)
2001,Subaru,Forester,S AWD 4dr Wagon w/Premium Package (2.5L 4cyl 4A)
2001,Subaru,Forester,S AWD 4dr Wagon (2.5L 4cyl 5M)
2001,Subaru,Forester,L AWD 4dr Wagon (2.5L 4cyl 4A)
2001,Subaru,Forester,S AWD 4dr Wagon w/Premium Package (2.5L 4cyl 5M)
2001,Subaru,Legacy,GT AWD 4dr Sedan (2.5L 4cyl 5M)
2001,Subaru,Legacy,GT AWD 4dr Wagon (2.5L 4cyl 4A)
2001,Subaru,Legacy,GT AWD 4dr Sedan (2.5L 4cyl 4A)
2001,Subaru,Legacy,L AWD 4dr Wagon (2.5L 4cyl 5M)
2001,Subaru,Legacy,L AWD 4dr Wagon (2.5L 4cyl 4A)
2001,Subaru,Legacy,L AWD 4dr Sedan (2.5L 4cyl 5M)
2001,Subaru,Legacy,L AWD 4dr Sedan (2.5L 4cyl 4A)
2001,Subaru,Legacy,GT Limited AWD 4dr Sedan (2.5L 4cyl 5M)
2001,Subaru,Legacy,GT Limited AWD 4dr Sedan (2.5L 4cyl 4A)
2001,Subaru,Legacy,GT AWD 4dr Wagon (2.5L 4cyl 5M)
2001,Subaru,Outback,L.L. Bean Edition AWD 4dr Wagon (3.0L 6cyl 4A)
2001,Subaru,Outback,AWD 4dr Wagon w/Weather Package &  Child Seat (2.5L 4cyl 5M)
2001,Subaru,Outback,AWD 4dr Wagon w/Weather Package &  Child Seat (2.5L 4cyl 4A)
2001,Subaru,Outback,AWD 4dr Wagon w/Weather Package (2.5L 4cyl 5M)
2001,Subaru,Outback,AWD 4dr Wagon w/Weather Package (2.5L 4cyl 4A)
2001,Subaru,Outback,AWD 4dr Wagon w/Integrated Child Safety Seat (2.5L 4cyl 5M)
2001,Subaru,Outback,AWD 4dr Wagon w/Integrated Child Safety Seat (2.5L 4cyl 4A)
2001,Subaru,Outback,AWD 4dr Wagon (2.5L 4cyl 5M)
2001,Subaru,Outback,AWD 4dr Wagon (2.5L 4cyl 4A)
2001,Subaru,Outback,VDC AWD 4dr Wagon (3.0L 6cyl 4A)
2001,Subaru,Outback,Limited AWD 4dr Wagon (2.5L 4cyl 5M)
2001,Subaru,Outback,Limited AWD 4dr Wagon (2.5L 4cyl 4A)
2001,Subaru,Outback,Limited AWD 4dr Sedan (2.5L 4cyl 4A)
2001,Subaru,Impreza,Outback Sport AWD 4dr Wagon (2.2L 4cyl 5M)
2001,Subaru,Impreza,L AWD 4dr Wagon (2.2L 4cyl 5M)
2001,Subaru,Impreza,Outback Sport AWD 4dr Wagon (2.2L 4cyl 4A)
2001,Subaru,Impreza,L AWD 4dr Sedan (2.2L 4cyl 5M)
2001,Subaru,Impreza,L AWD 4dr Wagon (2.2L 4cyl 4A)
2001,Subaru,Impreza,L AWD 2dr Coupe (2.2L 4cyl 5M)
2001,Subaru,Impreza,L AWD 4dr Sedan (2.2L 4cyl 4A)
2001,Subaru,Impreza,2.5 RS AWD 4dr Sedan (2.5L 4cyl 5M)
2001,Subaru,Impreza,L AWD 2dr Coupe (2.2L 4cyl 4A)
2001,Subaru,Impreza,2.5 RS AWD 2dr Coupe (2.5L 4cyl 5M)
2001,Subaru,Impreza,2.5 RS AWD 4dr Sedan (2.5L 4cyl 4A)
2001,Subaru,Impreza,2.5 RS AWD 2dr Coupe (2.5L 4cyl 4A)
2001,Suzuki,XL-7,Plus 2WD 4dr SUV (2.7L 6cyl 5M)
2001,Suzuki,XL-7,Plus 4WD 4dr SUV (2.7L 6cyl 4A)
2001,Suzuki,XL-7,Plus 4WD 4dr SUV (2.7L 6cyl 5M)
2001,Suzuki,XL-7,Touring 2WD 4dr SUV (2.7L 6cyl 4A)
2001,Suzuki,XL-7,2WD 4dr SUV (2.7L 6cyl 5M)
2001,Suzuki,XL-7,4WD 4dr SUV (2.7L 6cyl 5M)
2001,Suzuki,XL-7,Plus 2WD 4dr SUV (2.7L 6cyl 4A)
2001,Suzuki,XL-7,Touring 4WD 4dr SUV (2.7L 6cyl 5M)
2001,Suzuki,XL-7,Touring 4WD 4dr SUV (2.7L 6cyl 4A)
2001,Suzuki,Swift,GL 2dr Hatchback (1.3L 4cyl 5M)
2001,Suzuki,Swift,GA 2dr Hatchback (1.3L 4cyl 3A)
2001,Suzuki,Swift,GL 2dr Hatchback (1.3L 4cyl 3A)
2001,Suzuki,Swift,GA 2dr Hatchback (1.3L 4cyl 5M)
2001,Suzuki,Grand Vitara,JLX Plus 4WD 4dr SUV (2.5L 6cyl 5M)
2001,Suzuki,Grand Vitara,Limited 2WD 4dr SUV (2.5L 6cyl 4A)
2001,Suzuki,Grand Vitara,JLX 4WD 4dr SUV (2.5L 6cyl 5M)
2001,Suzuki,Grand Vitara,JLX Plus 4WD 4dr SUV (2.5L 6cyl 4A)
2001,Suzuki,Grand Vitara,JLS Plus SE 4WD 4dr SUV (2.5L 6cyl 4A)
2001,Suzuki,Grand Vitara,JLX 4WD 4dr SUV (2.5L 6cyl 4A)
2001,Suzuki,Grand Vitara,JLS Plus 2WD 4dr SUV (2.5L 6cyl 5M)
2001,Suzuki,Grand Vitara,JLS Plus SE 2WD 4dr SUV (2.5L 6cyl 4A)
2001,Suzuki,Grand Vitara,JLS 2WD 4dr SUV (2.5L 6cyl 5M)
2001,Suzuki,Grand Vitara,JLS Plus 2WD 4dr SUV (2.5L 6cyl 4A)
2001,Suzuki,Grand Vitara,JLS 2WD 4dr SUV (2.5L 6cyl 4A)
2001,Suzuki,Grand Vitara,Limited 4WD 4dr SUV (2.5L 6cyl 4A)
2001,Suzuki,Esteem,GLX Sport 4dr Sedan (1.8L 4cyl 5M)
2001,Suzuki,Esteem,GLX Plus 4dr Wagon w/Two Tone Paint (1.8L 4cyl 4A)
2001,Suzuki,Esteem,GLX Sport 4dr Sedan (1.8L 4cyl 4A)
2001,Suzuki,Esteem,GLX Plus 4dr Sedan (1.8L 4cyl 4A)
2001,Suzuki,Esteem,GLX Plus 4dr Wagon (1.8L 4cyl 4A)
2001,Suzuki,Esteem,GLX 4dr Wagon w/Cruise (1.8L 4cyl 5M)
2001,Suzuki,Esteem,GLX 4dr Wagon w/Cruise (1.8L 4cyl 4A)
2001,Suzuki,Esteem,GLX 4dr Wagon (1.8L 4cyl 5M)
2001,Suzuki,Esteem,GLX 4dr Wagon (1.8L 4cyl 4A)
2001,Suzuki,Esteem,GLX 4dr Sedan w/Cruise (1.8L 4cyl 5M)
2001,Suzuki,Esteem,GLX 4dr Sedan w/Cruise (1.8L 4cyl 4A)
2001,Suzuki,Esteem,GLX 4dr Sedan (1.8L 4cyl 5M)
2001,Suzuki,Esteem,GLX 4dr Sedan (1.8L 4cyl 4A)
2001,Suzuki,Esteem,GL 4dr Wagon (1.8L 4cyl 5M)
2001,Suzuki,Esteem,GL 4dr Wagon (1.8L 4cyl 4A)
2001,Suzuki,Esteem,GL 4dr Sedan (1.8L 4cyl 5M)
2001,Suzuki,Esteem,GL 4dr Sedan (1.8L 4cyl 4A)
2001,Suzuki,Vitara,JX 4WD 4dr SUV (2.0L 4cyl 5M)
2001,Suzuki,Vitara,JS 2WD 4dr SUV (2.0L 4cyl 5M)
2001,Suzuki,Vitara,JX 4WD 2dr Soft Top SUV (1.6L 4cyl 4A)
2001,Suzuki,Vitara,JX 4WD 2dr Soft Top SUV (1.6L 4cyl 5M)
2001,Suzuki,Vitara,JX 4WD 4dr SUV (2.0L 4cyl 4A)
2001,Suzuki,Vitara,JLX 4WD 4dr SUV w/Alloy Wheels (2.0L 4cyl 5M)
2001,Suzuki,Vitara,JS 2WD 2dr Soft Top SUV (1.6L 4cyl 4A)
2001,Suzuki,Vitara,JS 2WD 2dr Soft Top SUV (1.6L 4cyl 5M)
2001,Suzuki,Vitara,JS 2WD 4dr SUV (2.0L 4cyl 4A)
2001,Suzuki,Vitara,JLX 4WD 4dr SUV (2.0L 4cyl 4A)
2001,Suzuki,Vitara,JLX 4WD 2dr Soft Top SUV (2.0L 4cyl 4A)
2001,Suzuki,Vitara,JLX 4WD 4dr SUV w/Alloy Wheels (2.0L 4cyl 4A)
2001,Suzuki,Vitara,JLX 4WD 4dr SUV (2.0L 4cyl 5M)
2001,Suzuki,Vitara,JLS 2WD 4dr SUV w/Alloy Wheels (2.0L 4cyl 4A)
2001,Suzuki,Vitara,JLS 2WD 4dr SUV (2.0L 4cyl 5M)
2001,Suzuki,Vitara,JLX 4WD 2dr Soft Top SUV (2.0L 4cyl 5M)
2001,Suzuki,Vitara,JLS 2WD 4dr SUV w/Alloy Wheels (2.0L 4cyl 5M)
2001,Suzuki,Vitara,JLS 2WD 2dr Soft Top SUV (2.0L 4cyl 4A)
2001,Suzuki,Vitara,JLS 2WD 4dr SUV (2.0L 4cyl 4A)
2001,Suzuki,Vitara,JLS 2WD 2dr Soft Top SUV (2.0L 4cyl 5M)
2001,Toyota,Sequoia,Limited 2WD 4dr SUV (4.7L 8cyl 4A)
2001,Toyota,Sequoia,Limited 4WD 4dr SUV (4.7L 8cyl 4A)
2001,Toyota,Sequoia,SR5 2WD 4dr SUV (4.7L 8cyl 4A)
2001,Toyota,Sequoia,SR5 4WD 4dr SUV (4.7L 8cyl 4A)
2001,Toyota,Camry Solara,SE 2dr Convertible (2.2L 4cyl 4A)
2001,Toyota,Camry Solara,SE V6 2dr Convertible (3.0L 6cyl 4A)
2001,Toyota,Camry Solara,SE V6 2dr Coupe (3.0L 6cyl 4A)
2001,Toyota,Camry Solara,SE 2dr Coupe (2.2L 4cyl 4A)
2001,Toyota,Camry Solara,SE 2dr Coupe (2.2L 4cyl 5M)
2001,Toyota,Camry Solara,SLE V6 2dr Coupe (3.0L 6cyl 4A)
2001,Toyota,Camry Solara,SE V6 2dr Coupe (3.0L 6cyl 5M)
2001,Toyota,Camry Solara,SLE V6 2dr Convertible (3.0L 6cyl 4A)
2001,Toyota,MR2 Spyder,2dr Convertible (1.8L 4cyl 5M)
2001,Toyota,Tacoma,2dr Regular Cab 2WD SB (2.4L 4cyl 4A)
2001,Toyota,Tacoma,2dr Regular Cab 2WD SB (2.4L 4cyl 5M)
2001,Toyota,Tacoma,2dr Regular Cab 4WD SB (2.7L 4cyl 4A)
2001,Toyota,Tacoma,2dr Regular Cab 4WD SB (2.7L 4cyl 5M)
2001,Toyota,Tacoma,2dr Xtracab 2WD SB (2.4L 4cyl 4A)
2001,Toyota,Tacoma,2dr Xtracab 2WD SB (2.4L 4cyl 5M)
2001,Toyota,Tacoma,2dr Xtracab 4WD SB (2.7L 4cyl 4A)
2001,Toyota,Tacoma,2dr Xtracab S-Runner V6 2WD SB (3.4L 6cyl 5M)
2001,Toyota,Tacoma,2dr Xtracab V6 4WD SB (3.4L 6cyl 4A)
2001,Toyota,Tacoma,2dr Xtracab PreRunner V6 2WD SB (3.4L 6cyl 4A)
2001,Toyota,Tacoma,4dr Double Cab PreRunner V6 2WD SB (3.4L 6cyl 4A)
2001,Toyota,Tacoma,2dr Xtracab PreRunner 2WD SB (2.7L 4cyl 4A)
2001,Toyota,Tacoma,4dr Double Cab PreRunner 2WD SB (2.7L 4cyl 4A)
2001,Toyota,Tacoma,2dr Xtracab 4WD SB (2.7L 4cyl 5M)
2001,Toyota,Tacoma,2dr Regular Cab PreRunner 2WD SB (2.7L 4cyl 4A)
2001,Toyota,Tacoma,2dr Xtracab V6 4WD SB (3.4L 6cyl 5M)
2001,Toyota,Tacoma,4dr Double Cab V6 4WD SB (3.4L 6cyl 4A)
2001,Toyota,Land Cruiser,4WD 4dr SUV (4.7L 8cyl 4A)
2001,Toyota,Camry,CE 4dr Sedan (2.2L 4cyl 5M)
2001,Toyota,Camry,CE 4dr Sedan (2.2L 4cyl 4A)
2001,Toyota,Camry,XLE V6 4dr Sedan (3.0L 6cyl 4A)
2001,Toyota,Camry,LE V6 4dr Sedan (3.0L 6cyl 5M)
2001,Toyota,Camry,LE V6 4dr Sedan (3.0L 6cyl 4A)
2001,Toyota,Camry,LE 4dr Sedan (2.2L 4cyl 4A)
2001,Toyota,Camry,XLE 4dr Sedan (2.2L 4cyl 4A)
2001,Toyota,Celica,GT 2dr Hatchback (1.8L 4cyl 5M)
2001,Toyota,Celica,GT-S 2dr Hatchback (1.8L 4cyl 4A)
2001,Toyota,Celica,GT 2dr Hatchback (1.8L 4cyl 4A)
2001,Toyota,Celica,GT-S 2dr Hatchback (1.8L 4cyl 6M)
2001,Toyota,Sienna,XLE 4dr Minivan (3.0L 6cyl 4A)
2001,Toyota,Sienna,CE 4dr Minivan (3.0L 6cyl 4A)
2001,Toyota,Sienna,LE 4dr Minivan (3.0L 6cyl 4A)
2001,Toyota,ECHO,2dr Coupe (1.5L 4cyl 4A)
2001,Toyota,ECHO,4dr Sedan (1.5L 4cyl 4A)
2001,Toyota,ECHO,2dr Coupe (1.5L 4cyl 5M)
2001,Toyota,ECHO,4dr Sedan (1.5L 4cyl 5M)
2001,Toyota,Corolla,CE 4dr Sedan (1.8L 4cyl 5M)
2001,Toyota,Corolla,LE 4dr Sedan (1.8L 4cyl 4A)
2001,Toyota,Corolla,CE 4dr Sedan (1.8L 4cyl 3A)
2001,Toyota,Corolla,S 4dr Sedan (1.8L 4cyl 4A)
2001,Toyota,Corolla,LE 4dr Sedan (1.8L 4cyl 5M)
2001,Toyota,Corolla,S 4dr Sedan (1.8L 4cyl 5M)
2001,Toyota,RAV4,2WD 4dr SUV (2.0L 4cyl 5M)
2001,Toyota,RAV4,2WD 4dr SUV (2.0L 4cyl 4A)
2001,Toyota,RAV4,4WD 4dr SUV (2.0L 4cyl 4A)
2001,Toyota,RAV4,4WD 4dr SUV (2.0L 4cyl 5M)
2001,Toyota,4Runner,Limited 4WD 4dr SUV (3.4L 6cyl 4A)
2001,Toyota,4Runner,Limited 2WD 4dr SUV (3.4L 6cyl 4A)
2001,Toyota,4Runner,SR5 4WD 4dr SUV (3.4L 6cyl 4A)
2001,Toyota,4Runner,SR5 2WD 4dr SUV (3.4L 6cyl 4A)
2001,Toyota,Avalon,XLS 4dr Sedan w/Bucket Seats (3.0L 6cyl 4A)
2001,Toyota,Avalon,XLS 4dr Sedan w/Bench Seats (3.0L 6cyl 4A)
2001,Toyota,Avalon,XL 4dr Sedan w/Bucket Seats (3.0L 6cyl 4A)
2001,Toyota,Avalon,XL 4dr Sedan w/Bench Seats (3.0L 6cyl 4A)
2001,Toyota,Prius,4dr Sedan (1.5L 4cyl Gas/Elec Hybrid CVT)
2001,Toyota,Tundra,4dr Access Cab SR5 V8 4WD SB (4.7L 8cyl 4A)
2001,Toyota,Tundra,4dr Access Cab SR5 V8 2WD SB (4.7L 8cyl 4A)
2001,Toyota,Tundra,2dr Regular Cab SR5 V8 4WD LB (4.7L 8cyl 4A)
2001,Toyota,Tundra,4dr Access Cab SR5 4WD SB (3.4L 6cyl 5M)
2001,Toyota,Tundra,4dr Access Cab SR5 4WD SB (3.4L 6cyl 4A)
2001,Toyota,Tundra,4dr Access Cab SR5 2WD SB (3.4L 6cyl 4A)
2001,Toyota,Tundra,4dr Access Cab SR5 2WD SB (3.4L 6cyl 5M)
2001,Toyota,Tundra,4dr Access Cab Limited V8 2WD SB (4.7L 8cyl 4A)
2001,Toyota,Tundra,4dr Access Cab Limited V8 4WD SB (4.7L 8cyl 4A)
2001,Toyota,Tundra,2dr Regular Cab 2WD LB (3.4L 6cyl 4A)
2001,Toyota,Tundra,2dr Regular Cab 2WD LB (3.4L 6cyl 5M)
2001,Toyota,Highlander,2WD 4dr SUV (2.4L 4cyl 4A)
2001,Toyota,Highlander,V6 4WD 4dr SUV (3.0L 6cyl 4A)
2001,Toyota,Highlander,4WD 4dr SUV (2.4L 4cyl 4A)
2001,Toyota,Highlander,V6 2WD 4dr SUV (3.0L 6cyl 4A)
2001,Volkswagen,Golf,GLS 4dr Hatchback (2.0L 4cyl 5M)
2001,Volkswagen,Golf,GLS TDI 4dr Hatchback (1.9L 4cyl Turbodiesel 4A)
2001,Volkswagen,Golf,GLS TDI 4dr Hatchback (1.9L 4cyl Turbodiesel 5M)
2001,Volkswagen,Golf,GL TDI 2dr Hatchback (1.9L 4cyl Turbodiesel 5M)
2001,Volkswagen,Golf,GLS 1.8T 4dr Hatchback (1.8L 4cyl Turbo 4A)
2001,Volkswagen,Golf,GLS 1.8T 4dr Hatchback (1.8L 4cyl Turbo 5M)
2001,Volkswagen,Golf,GLS 4dr Hatchback (2.0L 4cyl 4A)
2001,Volkswagen,Golf,GL TDI 2dr Hatchback (1.9L 4cyl Turbodiesel 4A)
2001,Volkswagen,Golf,GL 2dr Hatchback (2.0L 4cyl 5M)
2001,Volkswagen,Golf,GL 2dr Hatchback (2.0L 4cyl 4A)
2001,Volkswagen,New Beetle,GLX 1.8T 2dr Hatchback (1.8L 4cyl Turbo 5M)
2001,Volkswagen,New Beetle,GLS TDI 2dr Hatchback (1.9L 4cyl Turbodiesel 5M)
2001,Volkswagen,New Beetle,GLX 1.8T 2dr Hatchback (1.8L 4cyl Turbo 4A)
2001,Volkswagen,New Beetle,GLS 2dr Hatchback (2.0L 4cyl 4A)
2001,Volkswagen,New Beetle,GLS 1.8T 2dr Hatchback (1.8L 4cyl Turbo 5M)
2001,Volkswagen,New Beetle,GLS TDI 2dr Hatchback (1.9L 4cyl Turbodiesel 4A)
2001,Volkswagen,New Beetle,GLS 2dr Hatchback (2.0L 4cyl 5M)
2001,Volkswagen,New Beetle,GL 2dr Hatchback (2.0L 4cyl 4A)
2001,Volkswagen,New Beetle,GLS 1.8T 2dr Hatchback (1.8L 4cyl Turbo 4A)
2001,Volkswagen,New Beetle,GL 2dr Hatchback (2.0L 4cyl 5M)
2001,Volkswagen,EuroVan,MV 3dr Minivan (2.8L 6cyl 4A)
2001,Volkswagen,EuroVan,GLS 3dr Minivan (2.8L 6cyl 4A)
2001,Volkswagen,Jetta,GLS VR6 4dr Sedan (2.8L 6cyl 5M)
2001,Volkswagen,Jetta,GLS VR6 4dr Sedan (2.8L 6cyl 4A)
2001,Volkswagen,Jetta,GLX VR6 4dr Sedan (2.8L 6cyl 4A)
2001,Volkswagen,Jetta,GLS Wolfsburg Edition 4dr Sedan (1.8L 4cyl Turbo 5M)
2001,Volkswagen,Jetta,GLS 4dr Sedan (2.0L 4cyl 5M)
2001,Volkswagen,Jetta,GLS 4dr Sedan (2.0L 4cyl 4A)
2001,Volkswagen,Jetta,GLS TDI 4dr Sedan (1.9L 4cyl Turbodiesel 5M)
2001,Volkswagen,Jetta,GLS TDI 4dr Sedan (1.9L 4cyl Turbodiesel 4A)
2001,Volkswagen,Jetta,GLX VR6 4dr Sedan (2.8L 6cyl 5M)
2001,Volkswagen,Jetta,GLS VR6 4dr Wagon (2.8L 6cyl 4A)
2001,Volkswagen,Jetta,GLS 4dr Wagon (2.0L 4cyl 5M)
2001,Volkswagen,Jetta,GLS 4dr Wagon (2.0L 4cyl 4A)
2001,Volkswagen,Jetta,GL TDI 4dr Sedan (1.9L 4cyl Turbodiesel 4A)
2001,Volkswagen,Jetta,GLS VR6 4dr Wagon (2.8L 6cyl 5M)
2001,Volkswagen,Jetta,GLX VR6 4dr Wagon (2.8L 6cyl 5M)
2001,Volkswagen,Jetta,GLX VR6 4dr Wagon (2.8L 6cyl 4A)
2001,Volkswagen,Jetta,GL TDI 4dr Sedan (1.9L 4cyl Turbodiesel 5M)
2001,Volkswagen,Jetta,GLS 1.8T 4dr Sedan (1.8L 4cyl Turbo 4A)
2001,Volkswagen,Jetta,GLS 1.8T 4dr Sedan (1.8L 4cyl Turbo 5M)
2001,Volkswagen,Jetta,GL 4dr Sedan (2.0L 4cyl 4A)
2001,Volkswagen,Jetta,GL 4dr Sedan (2.0L 4cyl 5M)
2001,Volkswagen,Passat,GLS 1.8T 4dr Sedan (1.8L 4cyl Turbo 5A)
2001,Volkswagen,Passat,New GLX V6 4dr Wagon (2.8L 6cyl 5M)
2001,Volkswagen,Passat,New GLX V6 4dr Wagon (2.8L 6cyl 5A)
2001,Volkswagen,Passat,New GLX V6 4dr Sedan (2.8L 6cyl 5M)
2001,Volkswagen,Passat,GLS V6 4Motion AWD 4dr Sedan (2.8L 6cyl 5A)
2001,Volkswagen,Passat,GLS 1.8T 4dr Wagon (1.8L 4cyl Turbo 5M)
2001,Volkswagen,Passat,GLS 1.8T 4dr Wagon (1.8L 4cyl Turbo 5A)
2001,Volkswagen,Passat,GLS 1.8T 4dr Sedan (1.8L 4cyl Turbo 5M)
2001,Volkswagen,Passat,GLS V6 4dr Wagon (2.8L 6cyl 5A)
2001,Volkswagen,Passat,GLS V6 4dr Sedan (2.8L 6cyl 5M)
2001,Volkswagen,Passat,GLS V6 4dr Sedan (2.8L 6cyl 5A)
2001,Volkswagen,Passat,GLS V6 4Motion AWD 4dr Wagon (2.8L 6cyl 5A)
2001,Volkswagen,Passat,GLX V6 4dr Sedan (2.8L 6cyl 5A)
2001,Volkswagen,Passat,GLX V6 4Motion AWD 4dr Wagon (2.8L 6cyl 5A)
2001,Volkswagen,Passat,GLX V6 4Motion AWD 4dr Sedan (2.8L 6cyl 5A)
2001,Volkswagen,Passat,GLS V6 4dr Wagon (2.8L 6cyl 5M)
2001,Volkswagen,Passat,New GLS 1.8T 4dr Sedan (1.8L 4cyl Turbo 5A)
2001,Volkswagen,Passat,New GLS 1.8T 4dr Wagon (1.8L 4cyl Turbo 5M)
2001,Volkswagen,Passat,New GLS V6 4Motion AWD 4dr Sedan (2.8L 6cyl 5A)
2001,Volkswagen,Passat,New GLS 1.8T 4dr Sedan (1.8L 4cyl Turbo 5M)
2001,Volkswagen,Passat,New GLS 1.8T 4dr Wagon (1.8L 4cyl Turbo 5A)
2001,Volkswagen,Passat,New GLS V6 4dr Sedan (2.8L 6cyl 5M)
2001,Volkswagen,Passat,New GLS V6 4dr Wagon (2.8L 6cyl 5A)
2001,Volkswagen,Passat,New GLS V6 4Motion AWD 4dr Wagon (2.8L 6cyl 5A)
2001,Volkswagen,Passat,New GLS V6 4dr Sedan (2.8L 6cyl 5A)
2001,Volkswagen,Passat,New GLX V6 4Motion AWD 4dr Wagon (2.8L 6cyl 5A)
2001,Volkswagen,Passat,New GLX V6 4dr Sedan (2.8L 6cyl 5A)
2001,Volkswagen,Passat,New GLS V6 4dr Wagon (2.8L 6cyl 5M)
2001,Volkswagen,Passat,New GLX V6 4Motion AWD 4dr Sedan (2.8L 6cyl 5A)
2001,Volkswagen,Passat,GLX V6 4dr Sedan (2.8L 6cyl 5M)
2001,Volkswagen,Passat,GLX V6 4dr Wagon (2.8L 6cyl 5A)
2001,Volkswagen,Passat,GLX V6 4dr Wagon (2.8L 6cyl 5M)
2001,Volkswagen,Cabrio,GLS 2dr Convertible (2.0L 4cyl 4A)
2001,Volkswagen,Cabrio,GL 2dr Convertible (2.0L 4cyl 5M)
2001,Volkswagen,Cabrio,GL 2dr Convertible (2.0L 4cyl 4A)
2001,Volkswagen,Cabrio,GLX 2dr Convertible (2.0L 4cyl 5M)
2001,Volkswagen,Cabrio,GLX 2dr Convertible (2.0L 4cyl 4A)
2001,Volkswagen,Cabrio,GLS 2dr Convertible (2.0L 4cyl 5M)
2001,Volkswagen,GTI,GLS 1.8T 2dr Hatchback (1.8L 4cyl Turbo 4A)
2001,Volkswagen,GTI,GLS 1.8T 2dr Hatchback (1.8L 4cyl Turbo 5M)
2001,Volkswagen,GTI,GLX VR6 2dr Hatchback (2.8L 6cyl 5M)
2001,Volvo,S80,2.9 4dr Sedan (2.9L 6cyl 4A)
2001,Volvo,S80,T6 4dr Sedan (2.8L 6cyl Turbo 4A)
2001,Volvo,S80,T6 Executive 4dr Sedan (2.8L 6cyl Turbo 4A)
2001,Volvo,S60,2.4 4dr Sedan (2.4L 5cyl 5M)
2001,Volvo,S60,2.4T 4dr Sedan (2.4L 5cyl Turbo 5A)
2001,Volvo,S60,T5 4dr Sedan (2.3L 5cyl Turbo 5M)
2001,Volvo,V40,4dr Wagon (1.9L 4cyl Turbo 5A)
2001,Volvo,V40,SE 4dr Wagon (1.9L 4cyl Turbo 5A)
2001,Volvo,S40,4dr Sedan (1.9L 4cyl Turbo 5A)
2001,Volvo,S40,SE 4dr Sedan (1.9L 4cyl Turbo 5A)
2001,Volvo,V70,2.4M Fwd 4dr Wagon (2.4L 5cyl 5M)
2001,Volvo,V70,2.4T Fwd 4dr Wagon (2.4L 5cyl Turbo 5A)
2001,Volvo,V70,XC AWD 4dr Wagon (2.4L 5cyl Turbo 5A)
2001,Volvo,V70,T5 Fwd 4dr Wagon (2.3L 5cyl Turbo 5M)
2001,Volvo,C70,HT 2dr Coupe (2.3L 5cyl Turbo 5M)
2001,Volvo,C70,HT 2dr Convertible (2.3L 5cyl Turbo 5M)
2001,Volvo,C70,SE HT 2dr Coupe (2.3L 5cyl Turbo 5M)
2001,Volvo,C70,LT 2dr Convertible (2.4L 5cyl Turbo 5A)
2001,Chevrolet,Lumina,4dr Sedan (3.1L 6cyl 4A)
2001,Chevrolet,Monte Carlo,LS 2dr Coupe (3.4L 6cyl 4A)
2001,Chevrolet,Monte Carlo,SS 2dr Coupe (3.8L 6cyl 4A)
2001,Isuzu,VehiCROSS,4WD 2dr SUV (3.5L 6cyl 4A)
2001,GMC,Sierra 1500,4dr Extended Cab SLT 2WD SB w/OnStar (4.8L 8cyl 4A)
2001,GMC,Sierra 1500,4dr Extended Cab SLE 4WD SB (4.8L 8cyl 4A)
2001,GMC,Sierra 1500,4dr Extended Cab SLE 4WD LB (4.8L 8cyl 4A)
2001,GMC,Sierra 1500,2dr Regular Cab SLE 4WD SB (4.8L 8cyl 4A)
2001,GMC,Sierra 1500,4dr Extended Cab SLT 2WD LB w/OnStar (4.8L 8cyl 4A)
2001,GMC,Sierra 1500,2dr Regular Cab SLE 4WD LB (4.8L 8cyl 4A)
2001,GMC,Sierra 1500,4dr Extended Cab SLE 2WD SB (4.8L 8cyl 4A)
2001,GMC,Sierra 1500,4dr Extended Cab SLE 2WD LB (4.8L 8cyl 4A)
2001,GMC,Sierra 1500,4dr Extended Cab SL 4WD SB (4.8L 8cyl 4A)
2001,GMC,Sierra 1500,4dr Extended Cab SL 4WD LB (4.8L 8cyl 4A)
2001,GMC,Sierra 1500,2dr Regular Cab SLE 2WD SB (4.8L 8cyl 4A)
2001,GMC,Sierra 1500,2dr Regular Cab SLE 2WD LB (4.8L 8cyl 4A)
2001,GMC,Sierra 1500,2dr Regular Cab SL 4WD LB (4.8L 8cyl 4A)
2001,GMC,Sierra 1500,2dr Regular Cab SL 4WD SB (4.8L 8cyl 4A)
2001,GMC,Sierra 1500,4dr Extended Cab SL 2WD LB (4.8L 8cyl 4A)
2001,GMC,Sierra 1500,4dr Extended Cab SL 2WD SB (4.8L 8cyl 4A)
2001,GMC,Sierra 1500,2dr Regular Cab SL 2WD LB (4.3L 6cyl 5M)
2001,GMC,Sierra 1500,2dr Regular Cab SL 2WD SB (4.3L 6cyl 5M)
2001,GMC,Sierra 1500,4dr Extended Cab SLT 4WD LB w/OnStar (4.8L 8cyl 4A)
2001,GMC,Sierra 1500,4dr Extended Cab SLT 4WD SB w/OnStar (4.8L 8cyl 4A)
2001,Chrysler,300M,4dr Sedan (3.5L 6cyl 4A)
