2000,AM General,Hummer,Hard Top 4dr SUV AWD
2000,AM General,Hummer,4dr SUV AWD
2000,AM General,Hummer,2dr SUV AWD
2000,AM General,Hummer,Open Top 4dr SUV 4WD
2000,AM General,Hummer,Slantback 4dr SUV AWD
2000,Acura,RL,3.5 4dr Sedan
2000,Acura,TL,3.2 4dr Sedan
2000,Acura,Integra,Type R 2dr Hatchback
2000,Acura,Integra,GS 2dr Hatchback
2000,Acura,Integra,LS 2dr Hatchback
2000,Acura,Integra,LS 4dr Sedan
2000,Acura,Integra,GS-R 2dr Hatchback
2000,Acura,Integra,GS-R 4dr Sedan
2000,Acura,Integra,GS 4dr Sedan
2000,Acura,NSX,T 2dr Coupe
2000,Acura,NSX,2dr Coupe
2000,Audi,A8,quattro 4dr Sedan AWD
2000,Audi,A8,L quattro 4dr Sedan AWD
2000,Audi,A6,4.2 quattro 4dr Sedan AWD
2000,Audi,A6,2.7T quattro 4dr Sedan AWD
2000,Audi,A6,2.8 Avant quattro 4dr Wagon AWD
2000,Audi,A6,2.8 4dr Sedan
2000,Audi,A6,2.8 quattro 4dr Sedan AWD
2000,Audi,A4,1.8T 4dr Sedan
2000,Audi,A4,1.8T Avant quattro Turbo 4dr Wagon AWD
2000,Audi,A4,2.8 4dr Sedan
2000,Audi,A4,1.8T quattro 4dr Sedan AWD
2000,Audi,A4,2.8 quattro 4dr Sedan AWD
2000,Audi,A4,2.8 Avant quattro 4dr Wagon AWD
2000,Audi,TT,Turbo 2dr Coupe
2000,Audi,TT,quattro Turbo 2dr Coupe AWD
2000,Audi,S4,quattro 4dr Sedan AWD
2000,BMW,3 Series,323iT 4dr Wagon
2000,BMW,3 Series,323Ci 2dr Convertible
2000,BMW,3 Series,328i 4dr Sedan
2000,BMW,3 Series,323i 4dr Sedan
2000,BMW,3 Series,328Ci 2dr Coupe
2000,BMW,3 Series,323Ci 2dr Coupe
2000,BMW,7 Series,750iL Protection 4dr Sedan
2000,BMW,7 Series,740iL 4dr Sedan
2000,BMW,7 Series,740i 4dr Sedan
2000,BMW,7 Series,740iL Protection 4dr Sedan
2000,BMW,7 Series,750iL 4dr Sedan
2000,BMW,Z8,2dr Convertible
2000,BMW,X5,4.4i 4dr SUV AWD
2000,BMW,M5,4dr Sedan
2000,BMW,M,2dr Coupe
2000,BMW,M,2dr Convertible
2000,BMW,Z3,2.8 2dr Convertible
2000,BMW,Z3,2.8 2dr Coupe
2000,BMW,Z3,2.3 2dr Convertible
2000,BMW,5 Series,540i 4dr Wagon
2000,BMW,5 Series,528i 4dr Sedan
2000,BMW,5 Series,528i 4dr Wagon
2000,BMW,5 Series,540i 4dr Sedan
2000,Buick,Regal,GS 4dr Sedan
2000,Buick,Regal,LS 4dr Sedan
2000,Buick,Regal,LSE 4dr Sedan
2000,Buick,LeSabre,Limited 4dr Sedan
2000,Buick,LeSabre,Custom 4dr Sedan
2000,Buick,Park Avenue,Ultra 4dr Sedan
2000,Buick,Park Avenue,4dr Sedan
2000,Buick,Century,Limited 4dr Sedan
2000,Buick,Century,Custom 4dr Sedan
2000,Cadillac,Escalade,4dr SUV AWD
2000,Cadillac,Catera,4dr Sedan
2000,Cadillac,Catera,Sport 4dr Sedan
2000,Cadillac,Seville,STS 4dr Sedan
2000,Cadillac,Seville,SLS 4dr Sedan
2000,Cadillac,DeVille,DTS 4dr Sedan
2000,Cadillac,DeVille,DHS 4dr Sedan
2000,Cadillac,DeVille,4dr Sedan
2000,Cadillac,Eldorado,ETC 2dr Coupe
2000,Cadillac,Eldorado,ESC 2dr Coupe
2000,Chevrolet,Astro,3dr Minivan AWD
2000,Chevrolet,Astro,3dr Minivan
2000,Chevrolet,Astro,LT 3dr Minivan AWD
2000,Chevrolet,Astro,LT 3dr Minivan
2000,Chevrolet,Astro,LS 3dr Minivan AWD
2000,Chevrolet,Astro,LS 3dr Minivan
2000,Chevrolet,Cavalier,LS 4dr Sedan
2000,Chevrolet,Cavalier,4dr Sedan
2000,Chevrolet,Cavalier,Z24 2dr Convertible
2000,Chevrolet,Cavalier,Z24 2dr Coupe
2000,Chevrolet,Cavalier,2dr Coupe
2000,Chevrolet,Tahoe Limited/Z71,Z71 4dr SUV 4WD
2000,Chevrolet,Tahoe Limited/Z71,Limited 4dr SUV
2000,Chevrolet,Corvette,2dr Coupe
2000,Chevrolet,Corvette,2 Dr STD Coupe
2000,Chevrolet,Corvette,2dr Convertible
2000,Chevrolet,Camaro,2 Dr Z28 SS Coupe
2000,Chevrolet,Camaro,Z28 SS 2dr Convertible
2000,Chevrolet,Camaro,2 Dr Z28 Coupe
2000,Chevrolet,Camaro,2 Dr STD Coupe
2000,Chevrolet,Camaro,Z28 2dr Convertible
2000,Chevrolet,Camaro,2dr Convertible
2000,Chevrolet,Impala,LS 4dr Sedan
2000,Chevrolet,Impala,4dr Sedan
2000,Chevrolet,Tracker,4dr SUV 4WD
2000,Chevrolet,Tracker,4dr SUV
2000,Chevrolet,Tracker,2dr SUV w/Soft Top
2000,Chevrolet,Tracker,2dr SUV 4WD w/Soft Top
2000,Chevrolet,C/K 3500 Series,C3500 2dr Regular Cab LB
2000,Chevrolet,C/K 3500 Series,K3500 2dr Regular Cab 4WD LB
2000,Chevrolet,C/K 3500 Series,C3500 LS 4dr Crew Cab LB
2000,Chevrolet,C/K 3500 Series,C3500 LS 4dr Crew Cab SB
2000,Chevrolet,C/K 3500 Series,C3500 LS 2dr Regular Cab LB
2000,Chevrolet,C/K 3500 Series,K3500 LS 2dr Extended Cab 4WD LB
2000,Chevrolet,C/K 3500 Series,K3500 LS 2dr Regular Cab 4WD LB
2000,Chevrolet,C/K 3500 Series,K3500 LS 4dr Crew Cab 4WD LB
2000,Chevrolet,C/K 3500 Series,C3500 4dr Crew Cab SB
2000,Chevrolet,C/K 3500 Series,K3500 LS 4dr Crew Cab 4WD SB
2000,Chevrolet,C/K 3500 Series,C3500 4dr Crew Cab LB
2000,Chevrolet,C/K 3500 Series,K3500 2dr Extended Cab 4WD LB
2000,Chevrolet,C/K 3500 Series,K3500 4dr Crew Cab 4WD SB
2000,Chevrolet,C/K 3500 Series,C3500 2dr Extended Cab LB
2000,Chevrolet,C/K 3500 Series,C3500 LS 2dr Extended Cab LB
2000,Chevrolet,C/K 3500 Series,K3500 4dr Crew Cab 4WD LB
2000,Chevrolet,Metro,LSi 4dr Sedan
2000,Chevrolet,Metro,LSi 2dr Hatchback
2000,Chevrolet,Metro,2dr Hatchback
2000,Chevrolet,Express Cargo,G2500 3dr Van
2000,Chevrolet,Express Cargo,G3500 3dr Ext Van
2000,Chevrolet,Express Cargo,G1500 3dr Van
2000,Chevrolet,Express Cargo,G3500 3dr Van
2000,Chevrolet,Express Cargo,G2500 3dr Ext Van
2000,Chevrolet,Silverado 2500,HD 3dr Extended Cab 4WD LB
2000,Chevrolet,Silverado 2500,HD LS 2dr Regular Cab 4WD LB
2000,Chevrolet,Silverado 2500,LT 3dr Extended Cab SB
2000,Chevrolet,Silverado 2500,HD LS 3dr Extended Cab 4WD SB
2000,Chevrolet,Silverado 2500,HD LT 3dr Extended Cab 4WD SB
2000,Chevrolet,Silverado 2500,HD LS 3dr Extended Cab LB
2000,Chevrolet,Silverado 2500,HD LT 3dr Extended Cab LB
2000,Chevrolet,Silverado 2500,HD 3dr Extended Cab LB
2000,Chevrolet,Silverado 2500,HD LT 3dr Extended Cab 4WD LB
2000,Chevrolet,Silverado 2500,HD LS 2dr Regular Cab LB
2000,Chevrolet,Silverado 2500,2dr Regular Cab LB
2000,Chevrolet,Silverado 2500,3dr Extended Cab SB
2000,Chevrolet,Silverado 2500,HD 2dr Regular Cab 4WD LB
2000,Chevrolet,Silverado 2500,LS 2dr Regular Cab LB
2000,Chevrolet,Silverado 2500,LS 3dr Extended Cab SB
2000,Chevrolet,Silverado 2500,HD 3dr Extended Cab 4WD SB
2000,Chevrolet,Silverado 2500,HD LS 3dr Extended Cab 4WD LB
2000,Chevrolet,Silverado 2500,HD 2dr Regular Cab LB
2000,Chevrolet,Suburban,1500 4dr SUV
2000,Chevrolet,Suburban,2500 4dr SUV
2000,Chevrolet,Suburban,2500 LS 4dr SUV
2000,Chevrolet,Suburban,1500 LT 4dr SUV
2000,Chevrolet,Suburban,1500 4dr SUV 4WD
2000,Chevrolet,Suburban,2500 4dr SUV 4WD
2000,Chevrolet,Suburban,1500 LS 4dr SUV
2000,Chevrolet,Suburban,1500 LT 4dr SUV 4WD
2000,Chevrolet,Suburban,2500 LS 4dr SUV 4WD
2000,Chevrolet,Suburban,2500 LT 4dr SUV 4WD
2000,Chevrolet,Suburban,2500 LT 4dr SUV
2000,Chevrolet,Suburban,1500 LS 4dr SUV 4WD
2000,Chevrolet,S-10,LS 2dr Extended Cab 4WD Stepside SB
2000,Chevrolet,S-10,2dr Regular Cab SB
2000,Chevrolet,S-10,LS Xtreme 2dr Extended Cab SB
2000,Chevrolet,S-10,LS Wide Stance 3dr Extended Cab 4WD SB
2000,Chevrolet,S-10,LS Xtreme 2dr Extended Cab Stepside SB
2000,Chevrolet,S-10,LS 2dr Extended Cab 4WD SB
2000,Chevrolet,S-10,LS 2dr Regular Cab Stepside SB
2000,Chevrolet,S-10,LS Xtreme 2dr Regular Cab SB
2000,Chevrolet,S-10,2dr Extended Cab 4WD SB
2000,Chevrolet,S-10,LS 2dr Regular Cab 4WD Stepside SB
2000,Chevrolet,S-10,2dr Regular Cab LB
2000,Chevrolet,S-10,LS 2dr Regular Cab SB
2000,Chevrolet,S-10,LS 2dr Regular Cab LB
2000,Chevrolet,S-10,2dr Regular Cab 4WD SB
2000,Chevrolet,S-10,LS 2dr Regular Cab 4WD SB
2000,Chevrolet,S-10,LS 2dr Extended Cab Stepside SB
2000,Chevrolet,S-10,2dr Extended Cab SB
2000,Chevrolet,S-10,LS 2dr Extended Cab SB
2000,Chevrolet,Blazer,Trailblazer 4dr SUV
2000,Chevrolet,Blazer,Trailblazer 4dr SUV 4WD
2000,Chevrolet,Blazer,LS 4dr SUV 4WD
2000,Chevrolet,Blazer,LT 4dr SUV 4WD
2000,Chevrolet,Blazer,LS 4dr SUV
2000,Chevrolet,Blazer,LT 4dr SUV
2000,Chevrolet,Blazer,LS 2dr SUV
2000,Chevrolet,Blazer,LS 2dr SUV 4WD
2000,Chevrolet,Astro Cargo,3dr Minivan AWD
2000,Chevrolet,Astro Cargo,3dr Minivan
2000,Chevrolet,Prizm,4dr Sedan
2000,Chevrolet,Prizm,LSi 4dr Sedan
2000,Chevrolet,Tahoe,4dr SUV
2000,Chevrolet,Tahoe,LT 4dr SUV
2000,Chevrolet,Tahoe,4dr SUV 4WD
2000,Chevrolet,Tahoe,LT 4dr SUV 4WD
2000,Chevrolet,Tahoe,LS 4dr SUV
2000,Chevrolet,Tahoe,LS 4dr SUV 4WD
2000,Chevrolet,Monte Carlo,LS 2dr Coupe
2000,Chevrolet,Monte Carlo,SS 2dr Coupe
2000,Chevrolet,Express,G1500 LS 3dr Van
2000,Chevrolet,Express,G3500 3dr Ext Van
2000,Chevrolet,Express,G2500 3dr Ext Van
2000,Chevrolet,Express,G3500 LS 3dr Van
2000,Chevrolet,Express,G3500 3dr Van
2000,Chevrolet,Express,G3500 LS 3dr Ext Van
2000,Chevrolet,Express,G2500 3dr Van
2000,Chevrolet,Express,G2500 LS 3dr Van
2000,Chevrolet,Express,G1500 3dr Van
2000,Chevrolet,Express,G2500 LS 3dr Ext Van
2000,Chevrolet,Malibu,LS 4dr Sedan
2000,Chevrolet,Malibu,4dr Sedan
2000,Chevrolet,Lumina,4dr Sedan
2000,Chevrolet,Venture,LT 4dr Ext Minivan
2000,Chevrolet,Venture,LS 4dr Ext Minivan
2000,Chevrolet,Venture,Plus 4dr Ext Minivan
2000,Chevrolet,Venture,Warner Brothers 4dr Ext Minivan
2000,Chevrolet,Venture,LS 4dr Minivan
2000,Chevrolet,Venture,Plus 4dr Minivan
2000,Chevrolet,Venture,4dr Minivan
2000,Chevrolet,Venture,4dr Ext Cargo Minivan
2000,Chevrolet,Venture,Value 4dr Minivan
2000,Chevrolet,Silverado 1500,LT 3dr Extended Cab Stepside SB
2000,Chevrolet,Silverado 1500,3dr Extended Cab Stepside SB
2000,Chevrolet,Silverado 1500,2dr Regular Cab SB
2000,Chevrolet,Silverado 1500,2dr Regular Cab LB
2000,Chevrolet,Silverado 1500,2dr Regular Cab 4WD SB
2000,Chevrolet,Silverado 1500,LT 3dr Extended Cab 4WD Stepside SB
2000,Chevrolet,Silverado 1500,2dr Regular Cab 4WD LB
2000,Chevrolet,Silverado 1500,LS 2dr Regular Cab SB
2000,Chevrolet,Silverado 1500,3dr Extended Cab SB
2000,Chevrolet,Silverado 1500,LS 2dr Regular Cab LB
2000,Chevrolet,Silverado 1500,3dr Extended Cab LB
2000,Chevrolet,Silverado 1500,LS 2dr Regular Cab Stepside SB
2000,Chevrolet,Silverado 1500,LS 3dr Extended Cab SB
2000,Chevrolet,Silverado 1500,LS 3dr Extended Cab Stepside SB
2000,Chevrolet,Silverado 1500,LS 2dr Regular Cab 4WD SB
2000,Chevrolet,Silverado 1500,LS 2dr Regular Cab 4WD LB
2000,Chevrolet,Silverado 1500,LS 3dr Extended Cab LB
2000,Chevrolet,Silverado 1500,3dr Extended Cab 4WD SB
2000,Chevrolet,Silverado 1500,3dr Extended Cab 4WD LB
2000,Chevrolet,Silverado 1500,2dr Regular Cab Stepside SB
2000,Chevrolet,Silverado 1500,LT 3dr Extended Cab 4WD LB
2000,Chevrolet,Silverado 1500,LT 3dr Extended Cab LB
2000,Chevrolet,Silverado 1500,LT 3dr Extended Cab 4WD SB
2000,Chevrolet,Silverado 1500,LS 3dr Extended Cab 4WD LB
2000,Chevrolet,Silverado 1500,LT 3dr Extended Cab SB
2000,Chevrolet,Silverado 1500,LS 3dr Extended Cab 4WD SB
2000,Chevrolet,Silverado 1500,2dr Regular Cab 4WD Stepside SB
2000,Chevrolet,Silverado 1500,LS 3dr Extended Cab 4WD Stepside SB
2000,Chevrolet,Silverado 1500,LS 2dr Regular Cab 4WD Stepside SB
2000,Chevrolet,Silverado 1500,3dr Extended Cab 4WD Stepside SB
2000,Chevrolet,C/K 2500 Series,C2500 4dr Crew Cab SB
2000,Chevrolet,C/K 2500 Series,K2500 2dr Regular Cab 4WD LB
2000,Chevrolet,C/K 2500 Series,K2500 4dr Crew Cab 4WD SB
2000,Chevrolet,C/K 2500 Series,K2500 2dr Extended Cab 4WD LB
2000,Chevrolet,C/K 2500 Series,K2500 LS 2dr Regular Cab 4WD LB
2000,Chevrolet,C/K 2500 Series,C2500 LS 2dr Regular Cab LB
2000,Chevrolet,C/K 2500 Series,C2500 2dr Extended Cab LB
2000,Chevrolet,C/K 2500 Series,C2500 2dr Regular Cab LB
2000,Chevrolet,C/K 2500 Series,K2500 LS 4dr Crew Cab 4WD SB
2000,Chevrolet,C/K 2500 Series,K2500 2dr Extended Cab 4WD SB
2000,Chevrolet,C/K 2500 Series,C2500 LS HD 2dr Extended Cab LB
2000,Chevrolet,C/K 2500 Series,K2500 LS 2dr Extended Cab 4WD LB
2000,Chevrolet,C/K 2500 Series,C2500 LS 4dr Crew Cab SB
2000,Chevrolet,C/K 2500 Series,K2500 LS 2dr Extended Cab 4WD SB
2000,Chrysler,Cirrus,LX 4dr Sedan
2000,Chrysler,Cirrus,LXi 4dr Sedan
2000,Chrysler,Sebring,JX 2dr Convertible
2000,Chrysler,Sebring,JXi Limited 2dr Convertible
2000,Chrysler,Sebring,LXi 2dr Coupe
2000,Chrysler,Sebring,JXi 2dr Convertible
2000,Chrysler,Sebring,LX 2dr Coupe
2000,Chrysler,Concorde,LXi 4dr Sedan
2000,Chrysler,Concorde,LX 4dr Sedan
2000,Chrysler,Grand Voyager,SE 4dr Minivan
2000,Chrysler,Grand Voyager,4dr Minivan
2000,Chrysler,Voyager,SE 4dr Minivan
2000,Chrysler,Voyager,3dr Minivan
2000,Chrysler,Town and Country,LXi 4dr Minivan AWD
2000,Chrysler,Town and Country,Limited 4dr Minivan
2000,Chrysler,Town and Country,LXi 4dr Minivan
2000,Chrysler,Town and Country,LX 4dr Minivan AWD
2000,Chrysler,Town and Country,LX 4dr Minivan
2000,Chrysler,Town and Country,Limited 4dr Minivan AWD
2000,Chrysler,300M,4dr Sedan
2000,Chrysler,LHS,4dr Sedan
2000,Daewoo,Leganza,SE 4dr Sedan
2000,Daewoo,Leganza,SX 4dr Sedan
2000,Daewoo,Leganza,CDX 4dr Sedan
2000,Daewoo,Lanos,S 2dr Hatchback
2000,Daewoo,Lanos,S 4dr Sedan
2000,Daewoo,Lanos,SE 2dr Hatchback
2000,Daewoo,Lanos,SX 4dr Sedan
2000,Daewoo,Nubira,CDX 4dr Wagon
2000,Daewoo,Nubira,CDX 4dr Sedan
2000,Daewoo,Nubira,SE 4dr Sedan
2000,Dodge,Ram Pickup 2500,SLT 4dr Extended Cab 4WD SB
2000,Dodge,Ram Pickup 2500,SLT 4dr Extended Cab 4WD LB
2000,Dodge,Ram Pickup 2500,SLT 4dr Extended Cab SB
2000,Dodge,Ram Pickup 2500,SLT 2dr Regular Cab LB
2000,Dodge,Ram Pickup 2500,ST 2dr Regular Cab LB
2000,Dodge,Ram Pickup 2500,ST 2dr Regular Cab 4WD LB
2000,Dodge,Ram Pickup 2500,ST 4dr Extended Cab 4WD LB
2000,Dodge,Ram Pickup 2500,ST 4dr Extended Cab LB
2000,Dodge,Ram Pickup 2500,ST 4dr Extended Cab 4WD SB
2000,Dodge,Ram Pickup 2500,ST 4dr Extended Cab SB
2000,Dodge,Ram Pickup 2500,SLT 2dr Regular Cab 4WD LB
2000,Dodge,Ram Pickup 2500,SLT 4dr Extended Cab LB
2000,Dodge,Viper,ACR Competition 2dr Coupe
2000,Dodge,Viper,GTS 2dr Coupe
2000,Dodge,Viper,RT/10 2dr Convertible
2000,Dodge,Caravan,SE 4dr Minivan
2000,Dodge,Caravan,3dr Minivan
2000,Dodge,Ram Pickup 3500,ST 2dr Regular Cab 4WD LB
2000,Dodge,Ram Pickup 3500,ST 2dr Regular Cab LB
2000,Dodge,Ram Pickup 3500,SLT 2dr Regular Cab LB
2000,Dodge,Ram Pickup 3500,ST 4dr Extended Cab 4WD LB
2000,Dodge,Ram Pickup 3500,SLT 4dr Extended Cab 4WD LB
2000,Dodge,Ram Pickup 3500,ST 4dr Extended Cab LB
2000,Dodge,Ram Pickup 3500,SLT 2dr Regular Cab 4WD LB
2000,Dodge,Ram Pickup 3500,SLT 4dr Extended Cab LB
2000,Dodge,Ram Pickup 1500,ST 2dr Regular Cab SB
2000,Dodge,Ram Pickup 1500,ST 2dr Extended Cab SB
2000,Dodge,Ram Pickup 1500,ST 2dr Regular Cab LB
2000,Dodge,Ram Pickup 1500,ST 2dr Regular Cab 4WD SB
2000,Dodge,Ram Pickup 1500,ST 2dr Regular Cab 4WD LB
2000,Dodge,Ram Pickup 1500,WS 2dr Regular Cab LB
2000,Dodge,Ram Pickup 1500,WS 2dr Regular Cab SB
2000,Dodge,Ram Pickup 1500,SLT 4dr Extended Cab SB
2000,Dodge,Ram Pickup 1500,SLT 4dr Extended Cab 4WD LB
2000,Dodge,Ram Pickup 1500,SLT 4dr Extended Cab 4WD SB
2000,Dodge,Ram Pickup 1500,ST 4dr Extended Cab LB
2000,Dodge,Ram Pickup 1500,SLT 2dr Regular Cab 4WD SB
2000,Dodge,Ram Pickup 1500,SLT 2dr Regular Cab 4WD LB
2000,Dodge,Ram Pickup 1500,SLT 2dr Extended Cab SB
2000,Dodge,Ram Pickup 1500,ST 2dr Extended Cab 4WD SB
2000,Dodge,Ram Pickup 1500,SLT 2dr Extended Cab 4WD SB
2000,Dodge,Ram Pickup 1500,SLT 2dr Regular Cab SB
2000,Dodge,Ram Pickup 1500,SLT 4dr Extended Cab LB
2000,Dodge,Ram Pickup 1500,SLT 2dr Regular Cab LB
2000,Dodge,Ram Pickup 1500,ST 4dr Extended Cab SB
2000,Dodge,Ram Pickup 1500,ST 4dr Extended Cab 4WD LB
2000,Dodge,Ram Pickup 1500,ST 4dr Extended Cab 4WD SB
2000,Dodge,Dakota,SLT 4dr Crew Cab SB
2000,Dodge,Dakota,SLT 2dr Regular Cab 4WD SB
2000,Dodge,Dakota,SLT 2dr Regular Cab SB
2000,Dodge,Dakota,2dr Regular Cab 4WD SB
2000,Dodge,Dakota,2dr Extended Cab SB
2000,Dodge,Dakota,2dr Extended Cab 4WD SB
2000,Dodge,Dakota,2dr Regular Cab SB
2000,Dodge,Dakota,R/T Sport 2dr Extended Cab SB
2000,Dodge,Dakota,SLT 2dr Extended Cab SB
2000,Dodge,Dakota,R/T Sport 2dr Regular Cab SB
2000,Dodge,Dakota,SLT 2dr Extended Cab 4WD SB
2000,Dodge,Dakota,SLT Plus 2dr Regular Cab SB
2000,Dodge,Dakota,SLT Plus 2dr Regular Cab 4WD SB
2000,Dodge,Dakota,SLT Plus 2dr Extended Cab 4WD SB
2000,Dodge,Dakota,SLT Plus 2dr Extended Cab SB
2000,Dodge,Dakota,SLT Plus 4dr Crew Cab 4WD SB
2000,Dodge,Dakota,SLT Plus 4dr Crew Cab SB
2000,Dodge,Dakota,Sport Plus 2dr Regular Cab 4WD SB
2000,Dodge,Dakota,Sport Plus 2dr Regular Cab SB
2000,Dodge,Dakota,Sport Plus 2dr Extended Cab SB
2000,Dodge,Dakota,Sport Plus 2dr Extended Cab 4WD SB
2000,Dodge,Dakota,Sport Plus 4dr Crew Cab 4WD SB
2000,Dodge,Dakota,Sport 2dr Regular Cab 4WD SB
2000,Dodge,Dakota,Sport Plus 4dr Crew Cab SB
2000,Dodge,Dakota,SLT 4dr Crew Cab 4WD SB
2000,Dodge,Dakota,Sport 2dr Extended Cab SB
2000,Dodge,Dakota,Sport 2dr Extended Cab 4WD SB
2000,Dodge,Dakota,Sport 2dr Regular Cab SB
2000,Dodge,Ram Van,3500 Maxi 3dr Ext Van
2000,Dodge,Ram Van,2500 Maxi 3dr Ext Van
2000,Dodge,Ram Van,3500 3dr Ext Van
2000,Dodge,Ram Van,2500 3dr Ext Van
2000,Dodge,Ram Van,1500 3dr Ext Van
2000,Dodge,Ram Van,1500 Maxi 3dr Ext Van
2000,Dodge,Ram Van,1500 3dr Van
2000,Dodge,Stratus,SE 4dr Sedan
2000,Dodge,Stratus,ES 4dr Sedan
2000,Dodge,Durango,SLT Plus 4dr SUV
2000,Dodge,Durango,Sport 4dr SUV
2000,Dodge,Durango,Sport 4dr SUV 4WD
2000,Dodge,Durango,R/T 4dr SUV 4WD
2000,Dodge,Durango,SLT 4dr SUV
2000,Dodge,Durango,SLT 4dr SUV 4WD
2000,Dodge,Durango,SLT Plus 4dr SUV 4WD
2000,Dodge,Grand Caravan,LE 4dr Minivan AWD
2000,Dodge,Grand Caravan,ES 4dr Minivan AWD
2000,Dodge,Grand Caravan,Sport 4dr Minivan AWD
2000,Dodge,Grand Caravan,LE 4dr Minivan
2000,Dodge,Grand Caravan,SE 4dr Minivan
2000,Dodge,Grand Caravan,4dr Minivan
2000,Dodge,Grand Caravan,ES 4dr Minivan
2000,Dodge,Neon,ES 4dr Sedan
2000,Dodge,Neon,Highline 4dr Sedan
2000,Dodge,Intrepid,4dr Sedan
2000,Dodge,Intrepid,ES 4dr Sedan
2000,Dodge,Intrepid,R/T 4dr Sedan
2000,Dodge,Ram Wagon,1500 3dr Van
2000,Dodge,Ram Wagon,3500 Maxi 3dr Ext Van
2000,Dodge,Ram Wagon,2500 3dr Ext Van
2000,Dodge,Avenger,2dr Coupe
2000,Dodge,Avenger,ES 2dr Coupe
2000,Ford,Mustang,GT 2dr Convertible
2000,Ford,Mustang,2dr Convertible
2000,Ford,Mustang,GT 2dr Coupe
2000,Ford,Mustang,2dr Coupe
2000,Ford,Windstar Cargo,3dr Minivan
2000,Ford,Ranger,XL 2dr Regular Cab SB
2000,Ford,Ranger,XLT 2dr Regular Cab 4WD SB
2000,Ford,Ranger,XLT 2dr Regular Cab 4WD LB
2000,Ford,Ranger,XL 2dr Regular Cab 4WD SB
2000,Ford,Ranger,XL 2dr Regular Cab 4WD LB
2000,Ford,Ranger,XL 2dr Regular Cab LB
2000,Ford,Ranger,XLT 2dr Regular Cab LB
2000,Ford,Ranger,XLT 2dr Regular Cab SB
2000,Ford,Ranger,XL 2dr Extended Cab SB
2000,Ford,Ranger,XLT 2dr Extended Cab SB
2000,Ford,Ranger,XLT 2dr Regular Cab 4WD Stepside SB
2000,Ford,Ranger,XLT 2dr Regular Cab Stepside SB
2000,Ford,Ranger,XL 2dr Regular Cab Stepside SB
2000,Ford,Ranger,XLT 2dr Extended Cab 4WD Stepside SB
2000,Ford,Ranger,XLT 2dr Extended Cab 4WD SB
2000,Ford,Ranger,XLT 2dr Extended Cab Stepside SB
2000,Ford,Ranger,XL 2dr Extended Cab 4WD SB
2000,Ford,Ranger,XL 2dr Extended Cab Stepside SB
2000,Ford,Windstar,SEL 4dr Minivan
2000,Ford,Windstar,LX 3dr Minivan
2000,Ford,Windstar,SE 4dr Minivan
2000,Ford,Windstar,3dr Minivan
2000,Ford,Windstar,Limited 4dr Minivan
2000,Ford,Contour,SE 4dr Sedan
2000,Ford,Contour,SE Sport 4dr Sedan
2000,Ford,Crown Victoria,4dr Sedan
2000,Ford,Crown Victoria,LX 4dr Sedan
2000,Ford,Crown Victoria,S 4dr Sedan
2000,Ford,F-150,Lariat 4dr Extended Cab 4WD SB
2000,Ford,F-150,Lariat 4dr Extended Cab 4WD LB
2000,Ford,F-150,Lariat 4dr Extended Cab 4WD Stepside SB
2000,Ford,F-150,Lariat 4dr Extended Cab LB
2000,Ford,F-150,XLT 4dr Extended Cab 4WD LB
2000,Ford,F-150,Lariat 4dr Extended Cab Stepside SB
2000,Ford,F-150,XLT 4dr Extended Cab 4WD Stepside SB
2000,Ford,F-150,XL 4dr Extended Cab 4WD LB
2000,Ford,F-150,XL 4dr Extended Cab 4WD Stepside SB
2000,Ford,F-150,Lariat 4dr Extended Cab SB
2000,Ford,F-150,XLT 4dr Extended Cab 4WD SB
2000,Ford,F-150,XL 2dr Regular Cab 4WD Stepside SB
2000,Ford,F-150,Work 4dr Extended Cab SB
2000,Ford,F-150,XLT 2dr Regular Cab 4WD Stepside SB
2000,Ford,F-150,Work 2dr Regular Cab 4WD SB
2000,Ford,F-150,Harley-Davidson 4dr Extended Cab Stepside SB
2000,Ford,F-150,Work 2dr Regular Cab 4WD LB
2000,Ford,F-150,XL 2dr Regular Cab Stepside SB
2000,Ford,F-150,Work 4dr Extended Cab LB
2000,Ford,F-150,XL 4dr Extended Cab LB
2000,Ford,F-150,XLT 2dr Regular Cab LB
2000,Ford,F-150,XL 4dr Extended Cab SB
2000,Ford,F-150,XLT 2dr Regular Cab SB
2000,Ford,F-150,Work 2dr Regular Cab LB
2000,Ford,F-150,XL 2dr Regular Cab LB
2000,Ford,F-150,XL 2dr Regular Cab SB
2000,Ford,F-150,XLT 4dr Extended Cab Stepside SB
2000,Ford,F-150,XLT 2dr Regular Cab 4WD LB
2000,Ford,F-150,XL 4dr Extended Cab 4WD SB
2000,Ford,F-150,XLT 2dr Regular Cab 4WD SB
2000,Ford,F-150,Work 2dr Regular Cab SB
2000,Ford,F-150,XLT 2dr Regular Cab Stepside SB
2000,Ford,F-150,XL 4dr Extended Cab Stepside SB
2000,Ford,F-150,XL 2dr Regular Cab 4WD LB
2000,Ford,F-150,XL 2dr Regular Cab 4WD SB
2000,Ford,F-150,XLT 4dr Extended Cab LB
2000,Ford,F-150,XLT 4dr Extended Cab SB
2000,Ford,F-150,Work 4dr Extended Cab 4WD LB
2000,Ford,F-150,Work 4dr Extended Cab 4WD SB
2000,Ford,Focus,ZTS 4dr Sedan
2000,Ford,Focus,SE 4dr Wagon
2000,Ford,Focus,LX 4dr Sedan
2000,Ford,Focus,SE 4dr Sedan
2000,Ford,Focus,Sony Limited 4dr Sedan
2000,Ford,Focus,ZX3 2dr Hatchback
2000,Ford,Econoline Cargo,E-350 Super Duty 3dr Ext Van
2000,Ford,Econoline Cargo,E-350 Super Duty 3dr Van
2000,Ford,Econoline Cargo,E-150 3dr Van
2000,Ford,Econoline Cargo,E-250 3dr Van
2000,Ford,Econoline Cargo,E-250 3dr Ext Van
2000,Ford,Escort,4dr Sedan
2000,Ford,Escort,ZX2 2dr Coupe
2000,Ford,Excursion,Limited 4dr SUV
2000,Ford,Excursion,XLT 4dr SUV 4WD
2000,Ford,Excursion,XLT 4dr SUV
2000,Ford,Excursion,Limited 4dr SUV 4WD
2000,Ford,F-150 SVT Lightning,2dr Regular Cab Stepside SB
2000,Ford,F-250 Super Duty,XL 4dr Extended Cab SB
2000,Ford,F-250 Super Duty,XL 4dr Extended Cab LB
2000,Ford,F-250 Super Duty,XLT 2dr Regular Cab LB
2000,Ford,F-250 Super Duty,XL 2dr Regular Cab 4WD LB
2000,Ford,F-250 Super Duty,XL 2dr Regular Cab LB
2000,Ford,F-250 Super Duty,XLT 4dr Extended Cab 4WD SB
2000,Ford,F-250 Super Duty,Lariat 2dr Regular Cab 4WD LB
2000,Ford,F-250 Super Duty,Lariat 4dr Crew Cab LB
2000,Ford,F-250 Super Duty,Lariat 4dr Crew Cab SB
2000,Ford,F-250 Super Duty,XLT 4dr Crew Cab LB
2000,Ford,F-250 Super Duty,Lariat 4dr Extended Cab LB
2000,Ford,F-250 Super Duty,XL 4dr Crew Cab 4WD LB
2000,Ford,F-250 Super Duty,XL 4dr Crew Cab 4WD SB
2000,Ford,F-250 Super Duty,XL 4dr Extended Cab 4WD LB
2000,Ford,F-250 Super Duty,XLT 4dr Crew Cab SB
2000,Ford,F-250 Super Duty,XLT 4dr Extended Cab 4WD LB
2000,Ford,F-250 Super Duty,XL 4dr Extended Cab 4WD SB
2000,Ford,F-250 Super Duty,Lariat 4dr Extended Cab SB
2000,Ford,F-250 Super Duty,XLT 2dr Regular Cab 4WD LB
2000,Ford,F-250 Super Duty,Lariat 2dr Regular Cab LB
2000,Ford,F-250 Super Duty,XL 4dr Crew Cab LB
2000,Ford,F-250 Super Duty,XLT 4dr Extended Cab LB
2000,Ford,F-250 Super Duty,XL 4dr Crew Cab SB
2000,Ford,F-250 Super Duty,XLT 4dr Extended Cab SB
2000,Ford,F-250 Super Duty,Lariat 4dr Extended Cab 4WD LB
2000,Ford,F-250 Super Duty,XLT 4dr Crew Cab 4WD LB
2000,Ford,F-250 Super Duty,Lariat 4dr Extended Cab 4WD SB
2000,Ford,F-250 Super Duty,XLT 4dr Crew Cab 4WD SB
2000,Ford,F-250 Super Duty,Lariat 4dr Crew Cab 4WD SB
2000,Ford,F-250 Super Duty,Lariat 4dr Crew Cab 4WD LB
2000,Ford,Explorer,XL 4dr SUV 4WD
2000,Ford,Explorer,XL 4dr SUV
2000,Ford,Explorer,Sport 2dr SUV 4WD
2000,Ford,Explorer,Sport 2dr SUV
2000,Ford,Explorer,XLS 4dr SUV 4WD
2000,Ford,Explorer,XLS 4dr SUV
2000,Ford,Explorer,XLT 4dr SUV 4WD
2000,Ford,Explorer,XLT 4dr SUV
2000,Ford,Explorer,Eddie Bauer 4dr SUV
2000,Ford,Explorer,XLT 4dr SUV AWD
2000,Ford,Explorer,Limited 4dr SUV 4WD
2000,Ford,Explorer,Eddie Bauer 4dr SUV AWD
2000,Ford,Explorer,Limited 4dr SUV
2000,Ford,Explorer,Eddie Bauer 4dr SUV 4WD
2000,Ford,Explorer,Limited 4dr SUV AWD
2000,Ford,Expedition,XLT 4dr SUV
2000,Ford,Expedition,Eddie Bauer 4dr SUV 4WD
2000,Ford,Expedition,Eddie Bauer 4dr SUV
2000,Ford,Expedition,XLT 4dr SUV 4WD
2000,Ford,F-350 Super Duty,Lariat 4dr Extended Cab LB
2000,Ford,F-350 Super Duty,XL 2dr Regular Cab LB
2000,Ford,F-350 Super Duty,XL 4dr Extended Cab LB
2000,Ford,F-350 Super Duty,XL 4dr Extended Cab SB
2000,Ford,F-350 Super Duty,XLT 2dr Regular Cab LB
2000,Ford,F-350 Super Duty,XL 2dr Regular Cab 4WD LB
2000,Ford,F-350 Super Duty,XL 4dr Crew Cab SB
2000,Ford,F-350 Super Duty,XLT 4dr Crew Cab SB
2000,Ford,F-350 Super Duty,XLT 4dr Extended Cab 4WD LB
2000,Ford,F-350 Super Duty,Lariat 4dr Extended Cab 4WD LB
2000,Ford,F-350 Super Duty,Lariat 4dr Extended Cab 4WD SB
2000,Ford,F-350 Super Duty,Lariat 4dr Crew Cab SB
2000,Ford,F-350 Super Duty,Lariat 4dr Crew Cab LB
2000,Ford,F-350 Super Duty,Lariat 4dr Crew Cab 4WD LB
2000,Ford,F-350 Super Duty,Lariat 4dr Crew Cab 4WD SB
2000,Ford,F-350 Super Duty,Lariat 4dr Extended Cab SB
2000,Ford,F-350 Super Duty,XL 4dr Crew Cab 4WD LB
2000,Ford,F-350 Super Duty,XLT 4dr Crew Cab LB
2000,Ford,F-350 Super Duty,XLT 4dr Crew Cab 4WD LB
2000,Ford,F-350 Super Duty,XLT 4dr Crew Cab 4WD SB
2000,Ford,F-350 Super Duty,Lariat 2dr Regular Cab 4WD LB
2000,Ford,F-350 Super Duty,XLT 4dr Extended Cab 4WD SB
2000,Ford,F-350 Super Duty,XL 4dr Extended Cab 4WD SB
2000,Ford,F-350 Super Duty,XL 4dr Extended Cab 4WD LB
2000,Ford,F-350 Super Duty,XLT 2dr Regular Cab 4WD LB
2000,Ford,F-350 Super Duty,XL 4dr Crew Cab 4WD SB
2000,Ford,F-350 Super Duty,XL 4dr Crew Cab LB
2000,Ford,F-350 Super Duty,Lariat 2dr Regular Cab LB
2000,Ford,F-350 Super Duty,XLT 4dr Extended Cab SB
2000,Ford,F-350 Super Duty,XLT 4dr Extended Cab LB
2000,Ford,Econoline Wagon,E-150 Chateau 3dr Van
2000,Ford,Econoline Wagon,E-150 XLT 3dr Van
2000,Ford,Econoline Wagon,E-150 XL 3dr Van
2000,Ford,Econoline Wagon,E-350 Super Duty Chateau 3dr Van
2000,Ford,Econoline Wagon,E-350 Super Duty XL 3dr Ext Van
2000,Ford,Econoline Wagon,E-350 Super Duty XL 3dr Van
2000,Ford,Econoline Wagon,E-350 Super Duty XLT 3dr Ext Van
2000,Ford,Econoline Wagon,E-350 Super Duty XLT 3dr Van
2000,Ford,Contour SVT,4dr Sedan
2000,Ford,Mustang SVT Cobra,2dr Coupe
2000,Ford,Mustang SVT Cobra,2dr Convertible
2000,Ford,Taurus,LX 4dr Sedan
2000,Ford,Taurus,SE 4dr Wagon
2000,Ford,Taurus,SE 4dr Sedan
2000,Ford,Taurus,SEL 4dr Sedan
2000,Ford,Taurus,SES 4dr Sedan
2000,GMC,Jimmy,SLE 4dr SUV 4WD
2000,GMC,Jimmy,SLS Convenience 2dr SUV
2000,GMC,Jimmy,SLT 4dr SUV
2000,GMC,Jimmy,SLS 2dr SUV
2000,GMC,Jimmy,SLT 4dr SUV 4WD
2000,GMC,Jimmy,Diamond Edition 4dr SUV
2000,GMC,Jimmy,SLS Convenience 2dr SUV 4WD
2000,GMC,Jimmy,SLS 2dr SUV 4WD
2000,GMC,Jimmy,SLE 4dr SUV
2000,GMC,Jimmy,Diamond Edition 4dr SUV 4WD
2000,GMC,Safari,SLT 3dr Minivan AWD
2000,GMC,Safari,SLT 3dr Minivan
2000,GMC,Safari,SL 3dr Minivan
2000,GMC,Safari,SL 3dr Minivan AWD
2000,GMC,Safari,SLE 3dr Minivan AWD
2000,GMC,Safari,SLE 3dr Minivan
2000,GMC,Sierra 1500,SL 2dr Regular Cab 4WD Stepside SB
2000,GMC,Sierra 1500,SLE 2dr Regular Cab 4WD Stepside SB
2000,GMC,Sierra 1500,SLT 3dr Extended Cab 4WD SB
2000,GMC,Sierra 1500,SLT 3dr Extended Cab 4WD Stepside SB
2000,GMC,Sierra 1500,SLE 3dr Extended Cab 4WD LB
2000,GMC,Sierra 1500,SL 2dr Regular Cab 4WD LB
2000,GMC,Sierra 1500,SL 2dr Regular Cab 4WD SB
2000,GMC,Sierra 1500,SLE 3dr Extended Cab SB
2000,GMC,Sierra 1500,SLE 2dr Regular Cab LB
2000,GMC,Sierra 1500,SL 3dr Extended Cab SB
2000,GMC,Sierra 1500,SL 2dr Regular Cab LB
2000,GMC,Sierra 1500,SL 2dr Regular Cab SB
2000,GMC,Sierra 1500,SLE 3dr Extended Cab LB
2000,GMC,Sierra 1500,SLE 3dr Extended Cab Stepside SB
2000,GMC,Sierra 1500,SLT 3dr Extended Cab LB
2000,GMC,Sierra 1500,SLT 3dr Extended Cab SB
2000,GMC,Sierra 1500,SL 3dr Extended Cab Stepside SB
2000,GMC,Sierra 1500,SL 3dr Extended Cab 4WD SB
2000,GMC,Sierra 1500,SLT 3dr Extended Cab Stepside SB
2000,GMC,Sierra 1500,SL 3dr Extended Cab 4WD LB
2000,GMC,Sierra 1500,SL 2dr Regular Cab Stepside SB
2000,GMC,Sierra 1500,SLE 2dr Regular Cab Stepside SB
2000,GMC,Sierra 1500,SLE 2dr Regular Cab SB
2000,GMC,Sierra 1500,SL 3dr Extended Cab LB
2000,GMC,Sierra 1500,SLE 3dr Extended Cab 4WD SB
2000,GMC,Sierra 1500,SL 3dr Extended Cab 4WD Stepside SB
2000,GMC,Sierra 1500,SLE 2dr Regular Cab 4WD LB
2000,GMC,Sierra 1500,SLE 2dr Regular Cab 4WD SB
2000,GMC,Sierra 1500,SLT 3dr Extended Cab 4WD LB
2000,GMC,Sierra 1500,SLE 3dr Extended Cab 4WD Stepside SB
2000,GMC,Savana,G3500 3dr Ext Van
2000,GMC,Savana,G2500 SLE 3dr Ext Van
2000,GMC,Savana,G2500 SLE 3dr Van
2000,GMC,Savana,G3500 SLE 3dr Van
2000,GMC,Savana,G3500 SLE 3dr Ext Van
2000,GMC,Savana,G1500 3dr Van
2000,GMC,Savana,G2500 3dr Van
2000,GMC,Savana,G3500 3dr Van
2000,GMC,Savana,G1500 SLE 3dr Van
2000,GMC,Savana,G2500 3dr Ext Van
2000,GMC,Yukon Denali,Denali 4dr SUV 4WD
2000,GMC,Sonoma,SLS Sport 2dr Extended Cab SB
2000,GMC,Sonoma,SLS Sport 2dr Extended Cab Stepside SB
2000,GMC,Sonoma,SLS Sport 2dr Extended Cab 4WD SB
2000,GMC,Sonoma,SLE 2dr Extended Cab 4WD SB
2000,GMC,Sonoma,SL 2dr Extended Cab 4WD SB
2000,GMC,Sonoma,SL 2dr Regular Cab SB
2000,GMC,Sonoma,SLE 2dr Regular Cab SB
2000,GMC,Sonoma,SL 2dr Regular Cab LB
2000,GMC,Sonoma,SLE 2dr Extended Cab SB
2000,GMC,Sonoma,SL 2dr Extended Cab SB
2000,GMC,Sonoma,SLS Sport 2dr Regular Cab 4WD Stepside SB
2000,GMC,Sonoma,SLS Sport 2dr Regular Cab 4WD SB
2000,GMC,Sonoma,SLS Sport 2dr Regular Cab SB
2000,GMC,Sonoma,SLS Sport 2dr Regular Cab LB
2000,GMC,Sonoma,SL 2dr Regular Cab 4WD SB
2000,GMC,Sonoma,SLE 2dr Regular Cab 4WD SB
2000,GMC,Sonoma,SLS Sport 2dr Regular Cab Stepside SB
2000,GMC,Sonoma,SLS Sport 2dr Extended Cab 4WD Stepside SB
2000,GMC,Sierra Classic 3500,C3500 SL 2dr Extended Cab LB
2000,GMC,Sierra Classic 3500,C3500 SLT 2dr Extended Cab LB
2000,GMC,Sierra Classic 3500,C3500 SLT 4dr Crew Cab LB
2000,GMC,Sierra Classic 3500,C3500 SLE 2dr Regular Cab LB
2000,GMC,Sierra Classic 3500,C3500 SLT 4dr Crew Cab SB
2000,GMC,Sierra Classic 3500,K3500 SL 2dr Regular Cab 4WD LB
2000,GMC,Sierra Classic 3500,C3500 SL 4dr Crew Cab LB
2000,GMC,Sierra Classic 3500,C3500 SLE 2dr Extended Cab LB
2000,GMC,Sierra Classic 3500,C3500 SLE 4dr Crew Cab LB
2000,GMC,Sierra Classic 3500,C3500 SL 4dr Crew Cab SB
2000,GMC,Sierra Classic 3500,C3500 SLT 2dr Regular Cab LB
2000,GMC,Sierra Classic 3500,C3500 SLE 4dr Crew Cab SB
2000,GMC,Sierra Classic 3500,K3500 SLT 2dr Regular Cab 4WD LB
2000,GMC,Sierra Classic 3500,K3500 SLE 2dr Regular Cab 4WD LB
2000,GMC,Sierra Classic 3500,K3500 SL 4dr Crew Cab 4WD SB
2000,GMC,Sierra Classic 3500,C3500 SL 2dr Regular Cab LB
2000,GMC,Sierra Classic 3500,K3500 SLT 2dr Extended Cab 4WD LB
2000,GMC,Sierra Classic 3500,K3500 SLE 4dr Crew Cab 4WD SB
2000,GMC,Sierra Classic 3500,K3500 SLE 4dr Crew Cab 4WD LB
2000,GMC,Sierra Classic 3500,K3500 SLE 2dr Extended Cab 4WD LB
2000,GMC,Sierra Classic 3500,K3500 SL 2dr Extended Cab 4WD LB
2000,GMC,Sierra Classic 3500,K3500 SL 4dr Crew Cab 4WD LB
2000,GMC,Sierra Classic 3500,K3500 SLT 4dr Crew Cab 4WD SB
2000,GMC,Sierra Classic 3500,K3500 SLT 4dr Crew Cab 4WD LB
2000,GMC,Sierra 2500,SL 3dr Extended Cab SB
2000,GMC,Sierra 2500,HD SLT 3dr Extended Cab 4WD SB
2000,GMC,Sierra 2500,SLE 3dr Extended Cab SB
2000,GMC,Sierra 2500,HD SLT 3dr Extended Cab LB
2000,GMC,Sierra 2500,HD SLT 3dr Extended Cab 4WD LB
2000,GMC,Sierra 2500,SL 2dr Regular Cab LB
2000,GMC,Sierra 2500,SLT 3dr Extended Cab SB
2000,GMC,Sierra 2500,HD SL 2dr Regular Cab LB
2000,GMC,Sierra 2500,HD SLE 2dr Regular Cab 4WD LB
2000,GMC,Sierra 2500,HD SL 2dr Regular Cab 4WD LB
2000,GMC,Sierra 2500,HD SLE 2dr Regular Cab LB
2000,GMC,Sierra 2500,HD SLE 3dr Extended Cab LB
2000,GMC,Sierra 2500,SLE 2dr Regular Cab LB
2000,GMC,Sierra 2500,HD SL 3dr Extended Cab 4WD SB
2000,GMC,Sierra 2500,HD SLE 3dr Extended Cab 4WD SB
2000,GMC,Sierra 2500,HD SL 3dr Extended Cab 4WD LB
2000,GMC,Sierra 2500,HD SL 3dr Extended Cab LB
2000,GMC,Sierra 2500,HD SLE 3dr Extended Cab 4WD LB
2000,GMC,Envoy,4dr SUV 4WD
2000,GMC,Safari Cargo,SL 3dr Minivan
2000,GMC,Safari Cargo,SL 3dr Minivan AWD
2000,GMC,Savana Cargo,G1500 3dr Van
2000,GMC,Savana Cargo,G2500 3dr Van
2000,GMC,Savana Cargo,G2500 3dr Ext Van
2000,GMC,Savana Cargo,G3500 3dr Van
2000,GMC,Savana Cargo,G3500 3dr Ext Van
2000,GMC,Yukon XL,1500 SLT 4dr SUV 4WD
2000,GMC,Yukon XL,2500 SLT 4dr SUV
2000,GMC,Yukon XL,2500 SLE 4dr SUV
2000,GMC,Yukon XL,2500 SLE 4dr SUV 4WD
2000,GMC,Yukon XL,2500 SLT 4dr SUV 4WD
2000,GMC,Yukon XL,1500 SLE 4dr SUV 4WD
2000,GMC,Yukon XL,1500 SLE 4dr SUV
2000,GMC,Yukon XL,1500 SLT 4dr SUV
2000,GMC,Sierra Classic 2500,K2500 HD SLE 2dr Extended Cab 4WD LB
2000,GMC,Sierra Classic 2500,K2500 HD SLE 2dr Extended Cab 4WD SB
2000,GMC,Sierra Classic 2500,K2500 HD SLT 2dr Extended Cab 4WD LB
2000,GMC,Sierra Classic 2500,K2500 HD SLT 2dr Extended Cab 4WD SB
2000,GMC,Sierra Classic 2500,C2500 HD SLE 2dr Regular Cab LB
2000,GMC,Sierra Classic 2500,K2500 SLE 4dr Crew Cab 4WD SB
2000,GMC,Sierra Classic 2500,K2500 HD SL 2dr Regular Cab 4WD LB
2000,GMC,Sierra Classic 2500,K2500 SLT 4dr Crew Cab 4WD SB
2000,GMC,Sierra Classic 2500,C2500 HD SL 2dr Extended Cab LB
2000,GMC,Sierra Classic 2500,C2500 HD SL 2dr Regular Cab LB
2000,GMC,Sierra Classic 2500,K2500 HD SLT 2dr Regular Cab 4WD LB
2000,GMC,Sierra Classic 2500,K2500 HD SL 2dr Extended Cab 4WD SB
2000,GMC,Sierra Classic 2500,C2500 SL 4dr Crew Cab SB
2000,GMC,Sierra Classic 2500,C2500 HD SLT 2dr Regular Cab LB
2000,GMC,Sierra Classic 2500,K2500 HD SLE 2dr Regular Cab 4WD LB
2000,GMC,Sierra Classic 2500,K2500 HD SL 2dr Extended Cab 4WD LB
2000,GMC,Sierra Classic 2500,K2500 SL 4dr Crew Cab 4WD SB
2000,GMC,Sierra Classic 2500,C2500 HD SLT 2dr Extended Cab LB
2000,GMC,Sierra Classic 2500,C2500 SLE 4dr Crew Cab SB
2000,GMC,Sierra Classic 2500,C2500 HD SLE 2dr Extended Cab LB
2000,GMC,Sierra Classic 2500,C2500 SLT 4dr Crew Cab SB
2000,GMC,Yukon,SLE 4dr SUV
2000,GMC,Yukon,SLE 4dr SUV 4WD
2000,GMC,Yukon,SLT 4dr SUV
2000,GMC,Yukon,SLT 4dr SUV 4WD
2000,Honda,Odyssey,LX 4dr Minivan
2000,Honda,Odyssey,EX 4dr Minivan
2000,Honda,Insight,2dr Hatchback
2000,Honda,Accord,DX 4dr Sedan
2000,Honda,Accord,EX V6 4dr Sedan
2000,Honda,Accord,LX 2dr Coupe
2000,Honda,Accord,LX 4dr Sedan
2000,Honda,Accord,EX 2dr Coupe
2000,Honda,Accord,SE 4dr Sedan
2000,Honda,Accord,LX V6 2dr Coupe
2000,Honda,Accord,EX 4dr Sedan
2000,Honda,Accord,LX V6 4dr Sedan
2000,Honda,Accord,EX V6 2dr Coupe
2000,Honda,Prelude,2dr Coupe
2000,Honda,Prelude,Type SH 2dr Coupe
2000,Honda,CR-V,LX 4dr SUV
2000,Honda,CR-V,EX 4dr SUV AWD
2000,Honda,CR-V,LX 4dr SUV AWD
2000,Honda,CR-V,SE 4dr SUV AWD
2000,Honda,Civic,DX 2dr Coupe
2000,Honda,Civic,HX 2dr Coupe
2000,Honda,Civic,EX 2dr Coupe
2000,Honda,Civic,Si 2dr Coupe
2000,Honda,Civic,DX 2dr Hatchback
2000,Honda,Civic,EX 4dr Sedan
2000,Honda,Civic,LX 4dr Sedan
2000,Honda,Civic,CX 2dr Hatchback
2000,Honda,Civic,VP 4dr Sedan
2000,Honda,Civic,DX 4dr Sedan
2000,Honda,S2000,2dr Convertible
2000,Honda,Passport,EX 4dr SUV 4WD
2000,Honda,Passport,LX 4dr SUV
2000,Honda,Passport,LX 4dr SUV 4WD
2000,Honda,Passport,EX 4dr SUV
2000,Hyundai,Elantra,GLS 4dr Wagon
2000,Hyundai,Elantra,GLS 4dr Sedan
2000,Hyundai,Accent,GS 2dr Hatchback
2000,Hyundai,Accent,GL 4dr Sedan
2000,Hyundai,Accent,L 2dr Hatchback
2000,Hyundai,Tiburon,2dr Hatchback
2000,Hyundai,Sonata,4dr Sedan
2000,Hyundai,Sonata,GLS 4dr Sedan
2000,Infiniti,I30,Touring 4dr Sedan
2000,Infiniti,I30,4dr Sedan
2000,Infiniti,Q45,Touring 4dr Sedan
2000,Infiniti,Q45,4dr Sedan
2000,Infiniti,Q45,Anniversary 4dr Sedan
2000,Infiniti,G20,4dr Sedan
2000,Infiniti,G20,Touring 4dr Sedan
2000,Infiniti,QX4,4dr SUV 4WD
2000,Isuzu,Amigo,S 2dr SUV w/Soft Top
2000,Isuzu,Amigo,S V6 2dr SUV 4WD w/Soft Top
2000,Isuzu,Amigo,S V6 2dr SUV
2000,Isuzu,Amigo,S V6 2dr SUV w/Soft Top
2000,Isuzu,Amigo,S 2dr SUV
2000,Isuzu,Amigo,S V6 2dr SUV 4WD
2000,Isuzu,Rodeo,S 4dr SUV
2000,Isuzu,Rodeo,S V6 4dr SUV
2000,Isuzu,Rodeo,LSE 4dr SUV 4WD
2000,Isuzu,Rodeo,S V6 4dr SUV 4WD
2000,Isuzu,Rodeo,LS 4dr SUV
2000,Isuzu,Rodeo,LSE 4dr SUV
2000,Isuzu,Rodeo,LS 4dr SUV 4WD
2000,Isuzu,Hombre,S 2dr Regular Cab 4WD SB
2000,Isuzu,Hombre,S V6 2dr Extended Cab 4WD SB
2000,Isuzu,Hombre,XS 2dr Extended Cab 4WD SB
2000,Isuzu,Hombre,S 2dr Extended Cab SB
2000,Isuzu,Hombre,XS 2dr Extended Cab SB
2000,Isuzu,Hombre,S V6 2dr Extended Cab SB
2000,Isuzu,Hombre,XS V6 2dr Extended Cab SB
2000,Isuzu,Hombre,XS 2dr Regular Cab SB
2000,Isuzu,Hombre,S 2dr Regular Cab SB
2000,Isuzu,VehiCROSS,2dr SUV 4WD
2000,Isuzu,Trooper,Limited 4dr SUV
2000,Isuzu,Trooper,LS 4dr SUV
2000,Isuzu,Trooper,S 4dr SUV
2000,Isuzu,Trooper,Limited 4dr SUV 4WD
2000,Isuzu,Trooper,LS 4dr SUV 4WD
2000,Isuzu,Trooper,S 4dr SUV 4WD
2000,Jaguar,XJ-Series,Vanden Plas 4dr Sedan
2000,Jaguar,XJ-Series,Vanden Plas 4dr Sedan w/Supercharger
2000,Jaguar,XJ-Series,XJ8 4dr Sedan
2000,Jaguar,XJ-Series,XJ8 L 4dr Sedan
2000,Jaguar,XK-Series,XK8 2dr Coupe
2000,Jaguar,XK-Series,XK8 2dr Convertible
2000,Jaguar,XKR,2dr Coupe
2000,Jaguar,XKR,2dr Convertible
2000,Jaguar,XJR,4dr Sedan
2000,Jaguar,S-Type,4.0 4dr Sedan
2000,Jaguar,S-Type,3.0 4dr Sedan
2000,Jeep,Wrangler,Sport 2dr SUV 4WD
2000,Jeep,Wrangler,Sahara 2dr SUV 4WD
2000,Jeep,Wrangler,SE 2dr SUV 4WD
2000,Jeep,Grand Cherokee,Laredo 4dr SUV
2000,Jeep,Grand Cherokee,Limited 4dr SUV 4WD
2000,Jeep,Grand Cherokee,Laredo 4dr SUV 4WD
2000,Jeep,Grand Cherokee,Limited 4dr SUV
2000,Jeep,Cherokee,SE 4dr SUV
2000,Jeep,Cherokee,SE 2dr SUV 4WD
2000,Jeep,Cherokee,SE 4dr SUV 4WD
2000,Jeep,Cherokee,Sport 4dr SUV
2000,Jeep,Cherokee,Sport 2dr SUV 4WD
2000,Jeep,Cherokee,Classic 4dr SUV
2000,Jeep,Cherokee,Sport 4dr SUV 4WD
2000,Jeep,Cherokee,Classic 4dr SUV 4WD
2000,Jeep,Cherokee,Limited 4dr SUV 4WD
2000,Jeep,Cherokee,Limited 4dr SUV
2000,Jeep,Cherokee,SE 2dr SUV
2000,Jeep,Cherokee,Sport 2dr SUV
2000,Kia,Sportage,EX 4dr SUV 4WD
2000,Kia,Sportage,EX 4dr SUV
2000,Kia,Sportage,2dr SUV 4WD
2000,Kia,Sportage,2dr SUV
2000,Kia,Sportage,4dr SUV 4WD
2000,Kia,Sportage,4dr SUV
2000,Kia,Spectra,GSX 4dr Sedan
2000,Kia,Spectra,GS 4dr Sedan
2000,Kia,Sephia,LS 4dr Sedan
2000,Kia,Sephia,4dr Sedan
2000,Land Rover,Range Rover,4.6 Vitesse 4dr SUV AWD
2000,Land Rover,Range Rover,4.0 SE 4dr SUV AWD
2000,Land Rover,Range Rover,County 4dr SUV AWD
2000,Land Rover,Range Rover,4.6 HSE 4dr SUV AWD
2000,Land Rover,Discovery Series II,4dr SUV AWD
2000,Lexus,ES 300,4dr Sedan
2000,Lexus,SC 300,2dr Coupe
2000,Lexus,LS 400,4dr Sedan
2000,Lexus,GS 300,4dr Sedan
2000,Lexus,SC 400,2dr Coupe
2000,Lexus,GS 400,4dr Sedan
2000,Lexus,LX 470,4dr SUV AWD
2000,Lexus,RX 300,4dr SUV
2000,Lexus,RX 300,4dr SUV AWD
2000,Lincoln,Continental,4dr Sedan
2000,Lincoln,Town Car,Cartier 4dr Sedan
2000,Lincoln,Town Car,Signature 4dr Sedan
2000,Lincoln,Town Car,Cartier L 4dr Sedan
2000,Lincoln,Town Car,Executive 4dr Sedan
2000,Lincoln,Town Car,Executive L 4dr Sedan
2000,Lincoln,LS,V8 4dr Sedan
2000,Lincoln,LS,V6 4dr Sedan
2000,Lincoln,Navigator,4dr SUV 4WD
2000,Lincoln,Navigator,4dr SUV
2000,Mazda,MX-5 Miata,Special Edition 2dr Convertible
2000,Mazda,MX-5 Miata,2dr Convertible
2000,Mazda,MX-5 Miata,LS 2dr Convertible
2000,Mazda,MPV,DX 4dr Minivan
2000,Mazda,MPV,ES 4dr Minivan
2000,Mazda,MPV,LX 4dr Minivan
2000,Mazda,626,LX 4dr Sedan
2000,Mazda,626,LX V6 4dr Sedan
2000,Mazda,626,ES 4dr Sedan
2000,Mazda,626,ES V6 4dr Sedan
2000,Mazda,B-Series Pickup,B4000 SE 4dr Extended Cab SB
2000,Mazda,B-Series Pickup,B2500 SE 2dr Regular Cab SB
2000,Mazda,B-Series Pickup,B2500 SE 2dr Extended Cab SB
2000,Mazda,B-Series Pickup,B2500 SX 2dr Regular Cab SB
2000,Mazda,B-Series Pickup,B4000 TL 4dr Extended Cab 4WD SB
2000,Mazda,B-Series Pickup,B3000 SE 4dr Extended Cab 4WD SB
2000,Mazda,B-Series Pickup,B3000 SE 2dr Regular Cab 4WD SB
2000,Mazda,B-Series Pickup,B3000 SE 2dr Regular Cab SB
2000,Mazda,B-Series Pickup,B4000 SE 4dr Extended Cab 4WD SB
2000,Mazda,B-Series Pickup,B3000 TL 4dr Extended Cab SB
2000,Mazda,B-Series Pickup,B3000 SE 2dr Extended Cab SB
2000,Mazda,B-Series Pickup,B3000 SX 2dr Regular Cab SB
2000,Mazda,B-Series Pickup,B3000 SE 4dr Extended Cab SB
2000,Mazda,Millenia,4dr Sedan
2000,Mazda,Millenia,S 4dr Sedan
2000,Mazda,Millenia,Millennium 4dr Sedan
2000,Mazda,Protege,DX 4dr Sedan
2000,Mazda,Protege,LX 4dr Sedan
2000,Mazda,Protege,ES 4dr Sedan
2000,Mercedes-Benz,ML55 AMG,4dr SUV AWD
2000,Mercedes-Benz,C-Class,C230 4dr Sedan
2000,Mercedes-Benz,C-Class,C280 4dr Sedan
2000,Mercedes-Benz,SL-Class,SL500 2dr Convertible
2000,Mercedes-Benz,SL-Class,SL600 2dr Convertible
2000,Mercedes-Benz,E-Class,E320 4dr Wagon
2000,Mercedes-Benz,E-Class,E320 4MATIC 4dr Wagon AWD
2000,Mercedes-Benz,E-Class,E320 4MATIC 4dr Sedan AWD
2000,Mercedes-Benz,E-Class,E320 4dr Sedan
2000,Mercedes-Benz,E-Class,E430 4MATIC 4dr Sedan AWD
2000,Mercedes-Benz,E-Class,E430 4dr Sedan
2000,Mercedes-Benz,S-Class,S500 4dr Sedan
2000,Mercedes-Benz,S-Class,S430 4dr Sedan
2000,Mercedes-Benz,CLK-Class,CLK430 2dr Convertible
2000,Mercedes-Benz,CLK-Class,CLK430 2dr Coupe
2000,Mercedes-Benz,CLK-Class,CLK320 2dr Convertible
2000,Mercedes-Benz,CLK-Class,CLK320 2dr Coupe
2000,Mercedes-Benz,SLK-Class,SLK230 Kompressor 2dr Convertible
2000,Mercedes-Benz,E55 AMG,4dr Sedan
2000,Mercedes-Benz,M-Class,ML320 4dr SUV AWD
2000,Mercedes-Benz,M-Class,ML430 4dr SUV AWD
2000,Mercedes-Benz,C43 AMG,C43 4dr Sedan
2000,Mercedes-Benz,CL-Class,CL500 2dr Coupe
2000,Mercury,Villager,4dr Minivan
2000,Mercury,Villager,Estate 4dr Minivan
2000,Mercury,Villager,Sport 4dr Minivan
2000,Mercury,Mountaineer,4dr SUV 4WD
2000,Mercury,Mountaineer,4dr SUV AWD
2000,Mercury,Mountaineer,4dr SUV
2000,Mercury,Cougar,V6 2dr Coupe
2000,Mercury,Cougar,I4 2dr Coupe
2000,Mercury,Mystique,LS 4dr Sedan
2000,Mercury,Mystique,GS 4dr Sedan
2000,Mercury,Grand Marquis,GS 4dr Sedan
2000,Mercury,Grand Marquis,LS 4dr Sedan
2000,Mercury,Sable,LS 4dr Sedan
2000,Mercury,Sable,LS Premium 4dr Sedan
2000,Mercury,Sable,GS 4dr Wagon
2000,Mercury,Sable,LS Premium 4dr Wagon
2000,Mercury,Sable,GS 4dr Sedan
2000,Mitsubishi,Montero,4dr SUV 4WD
2000,Mitsubishi,Galant,GTZ 4dr Sedan
2000,Mitsubishi,Galant,LS V6 4dr Sedan
2000,Mitsubishi,Galant,ES V6 4dr Sedan
2000,Mitsubishi,Galant,ES 4dr Sedan
2000,Mitsubishi,Galant,DE 4dr Sedan
2000,Mitsubishi,Montero Sport,LS 4dr SUV
2000,Mitsubishi,Montero Sport,XLS 4dr SUV
2000,Mitsubishi,Montero Sport,LS 4dr SUV 4WD
2000,Mitsubishi,Montero Sport,ES 4dr SUV
2000,Mitsubishi,Montero Sport,XLS 4dr SUV 4WD
2000,Mitsubishi,Montero Sport,Limited 4dr SUV 4WD
2000,Mitsubishi,Montero Sport,Limited 4dr SUV
2000,Mitsubishi,Diamante,LS 4dr Sedan
2000,Mitsubishi,Diamante,ES 4dr Sedan
2000,Mitsubishi,Eclipse,GT 2dr Hatchback
2000,Mitsubishi,Eclipse,GS 2dr Hatchback
2000,Mitsubishi,Eclipse,RS 2dr Hatchback
2000,Mitsubishi,Mirage,LS 4dr Sedan
2000,Mitsubishi,Mirage,LS 2dr Coupe
2000,Mitsubishi,Mirage,DE 4dr Sedan
2000,Mitsubishi,Mirage,DE 2dr Coupe
2000,Nissan,Pathfinder,SE 4dr SUV
2000,Nissan,Pathfinder,LE 4dr SUV
2000,Nissan,Pathfinder,XE 4dr SUV 4WD
2000,Nissan,Pathfinder,XE 4dr SUV
2000,Nissan,Pathfinder,LE 4dr SUV 4WD
2000,Nissan,Pathfinder,SE 4dr SUV 4WD
2000,Nissan,Altima,XE 4dr Sedan
2000,Nissan,Altima,GXE 4dr Sedan
2000,Nissan,Altima,SE 4dr Sedan
2000,Nissan,Altima,GLE 4dr Sedan
2000,Nissan,Maxima,GXE 4dr Sedan
2000,Nissan,Maxima,SE 4dr Sedan
2000,Nissan,Maxima,GLE 4dr Sedan
2000,Nissan,Xterra,XE 4dr SUV
2000,Nissan,Xterra,SE 4dr SUV
2000,Nissan,Xterra,XE V6 4dr SUV
2000,Nissan,Xterra,XE V6 4dr SUV 4WD
2000,Nissan,Xterra,SE 4dr SUV 4WD
2000,Nissan,Frontier,XE Desert Runner 2dr Extended Cab SB
2000,Nissan,Frontier,XE V6 2dr Extended Cab 4WD SB
2000,Nissan,Frontier,XE 4dr Crew Cab SB
2000,Nissan,Frontier,XE 2dr Regular Cab SB
2000,Nissan,Frontier,XE 2dr Extended Cab SB
2000,Nissan,Frontier,SE 4dr Crew Cab SB
2000,Nissan,Frontier,XE 2dr Extended Cab 4WD SB
2000,Nissan,Frontier,SE Desert Runner 2dr Extended Cab SB
2000,Nissan,Frontier,SE 2dr Extended Cab 4WD SB
2000,Nissan,Frontier,SE 4dr Crew Cab 4WD SB
2000,Nissan,Frontier,XE 4dr Crew Cab 4WD SB
2000,Nissan,Quest,GXE 4dr Minivan
2000,Nissan,Quest,GLE 4dr Minivan
2000,Nissan,Quest,SE 4dr Minivan
2000,Nissan,Sentra,SE 4dr Sedan
2000,Nissan,Sentra,XE 4dr Sedan
2000,Nissan,Sentra,GXE 4dr Sedan
2000,Oldsmobile,Intrigue,GL 4dr Sedan
2000,Oldsmobile,Intrigue,GX 4dr Sedan
2000,Oldsmobile,Intrigue,GLS 4dr Sedan
2000,Oldsmobile,Silhouette,Premiere 4dr Minivan
2000,Oldsmobile,Silhouette,GLS 4dr Minivan
2000,Oldsmobile,Silhouette,GL 4dr Minivan
2000,Oldsmobile,Alero,GX 2dr Coupe
2000,Oldsmobile,Alero,GL 4dr Sedan
2000,Oldsmobile,Alero,GLS 2dr Coupe
2000,Oldsmobile,Alero,GLS 4dr Sedan
2000,Oldsmobile,Alero,GX 4dr Sedan
2000,Oldsmobile,Alero,GL 2dr Coupe
2000,Oldsmobile,Bravada,4dr SUV AWD
2000,Plymouth,Breeze,4dr Sedan
2000,Plymouth,Grand Voyager,4dr Minivan
2000,Plymouth,Grand Voyager,SE 4dr Minivan
2000,Plymouth,Prowler,2dr Convertible
2000,Plymouth,Neon,LX 4dr Sedan
2000,Plymouth,Neon,Highline 4dr Sedan
2000,Plymouth,Voyager,SE 4dr Minivan
2000,Plymouth,Voyager,3dr Minivan
2000,Pontiac,Bonneville,SE 4dr Sedan
2000,Pontiac,Bonneville,SSEi 4dr Sedan
2000,Pontiac,Bonneville,SLE 4dr Sedan
2000,Pontiac,Sunfire,SE 2dr Coupe
2000,Pontiac,Sunfire,SE 4dr Sedan
2000,Pontiac,Sunfire,GT 2dr Convertible
2000,Pontiac,Sunfire,GT 2dr Coupe
2000,Pontiac,Grand Am,SE1 4dr Sedan
2000,Pontiac,Grand Am,SE 4dr Sedan
2000,Pontiac,Grand Am,GT1 2dr Coupe
2000,Pontiac,Grand Am,GT 2dr Coupe
2000,Pontiac,Grand Am,GT1 4dr Sedan
2000,Pontiac,Grand Am,GT 4dr Sedan
2000,Pontiac,Grand Am,SE2 4dr Sedan
2000,Pontiac,Grand Am,SE1 2dr Coupe
2000,Pontiac,Grand Am,SE 2dr Coupe
2000,Pontiac,Grand Am,SE2 2dr Coupe
2000,Pontiac,Montana,4dr Ext Minivan
2000,Pontiac,Montana,MontanaVision 4dr Ext Minivan
2000,Pontiac,Montana,4dr Minivan
2000,Pontiac,Grand Prix,GTP 2dr Coupe
2000,Pontiac,Grand Prix,GTP 4dr Sedan
2000,Pontiac,Grand Prix,GT 2dr Coupe
2000,Pontiac,Grand Prix,GT 4dr Sedan
2000,Pontiac,Grand Prix,SE 4dr Sedan
2000,Pontiac,Firebird,2dr Hatchback
2000,Pontiac,Firebird,Trans Am 2dr Hatchback
2000,Pontiac,Firebird,Trans Am 2dr Convertible
2000,Pontiac,Firebird,2dr Convertible
2000,Pontiac,Firebird,Formula 2dr Hatchback
2000,Porsche,911,Carrera 2dr Convertible
2000,Porsche,911,Carrera 4 2dr Convertible AWD
2000,Porsche,911,Carrera 2dr Coupe
2000,Porsche,911,Carrera 4 2dr Coupe AWD
2000,Porsche,Boxster,2dr Convertible
2000,Porsche,Boxster,S 2dr Convertible
2000,Saab,5-Sep,Gary Fisher Edition Turbo 4dr Wagon
2000,Saab,5-Sep,Aero Turbo 4dr Wagon
2000,Saab,5-Sep,SE V6t 4dr Sedan
2000,Saab,5-Sep,2.3t 4dr Sedan
2000,Saab,5-Sep,2.3t 4dr Wagon
2000,Saab,5-Sep,Aero Turbo 4dr Sedan
2000,Saab,5-Sep,SE V6t 4dr Wagon
2000,Saab,3-Sep,Turbo 4dr Hatchback
2000,Saab,3-Sep,Viggen Turbo 2dr Convertible
2000,Saab,3-Sep,Turbo 2dr Hatchback
2000,Saab,3-Sep,SE HO Turbo 2dr Convertible
2000,Saab,3-Sep,Turbo 2dr Convertible
2000,Saab,3-Sep,Viggen Turbo 4dr Hatchback
2000,Saab,3-Sep,Viggen Turbo 2dr Hatchback
2000,Saab,3-Sep,SE HO Turbo 4dr Hatchback
2000,Saturn,S-Series,SW2 4dr Wagon
2000,Saturn,S-Series,SC2 3dr Coupe
2000,Saturn,S-Series,SC1 3dr Coupe
2000,Saturn,S-Series,SL2 4dr Sedan
2000,Saturn,S-Series,SL1 4dr Sedan
2000,Saturn,S-Series,SL 4dr Sedan
2000,Saturn,L-Series,LW1 4dr Wagon
2000,Saturn,L-Series,LW2 4dr Wagon
2000,Saturn,L-Series,LS 4dr Sedan
2000,Saturn,L-Series,LS1 4dr Sedan
2000,Saturn,L-Series,LS2 4dr Sedan
2000,Subaru,Forester,S 4dr Wagon AWD
2000,Subaru,Forester,L 4dr Wagon AWD
2000,Subaru,Outback,4dr Wagon AWD
2000,Subaru,Outback,Limited 4dr Sedan AWD
2000,Subaru,Outback,Limited 4dr Wagon AWD
2000,Subaru,Legacy,Brighton 4dr Wagon AWD
2000,Subaru,Legacy,GT Limited 4dr Sedan AWD
2000,Subaru,Legacy,GT 4dr Sedan AWD
2000,Subaru,Legacy,GT 4dr Wagon AWD
2000,Subaru,Legacy,L 4dr Wagon AWD
2000,Subaru,Legacy,L 4dr Sedan AWD
2000,Subaru,Impreza,Outback Sport 4dr Wagon AWD
2000,Subaru,Impreza,L 4dr Sedan AWD
2000,Subaru,Impreza,L 4dr Wagon AWD
2000,Subaru,Impreza,RS 4dr Sedan AWD
2000,Subaru,Impreza,RS 2dr Coupe AWD
2000,Subaru,Impreza,L 2dr Coupe AWD
2000,Suzuki,Swift,GA 2dr Hatchback
2000,Suzuki,Swift,GL 2dr Hatchback
2000,Suzuki,Grand Vitara,Limited 4dr SUV 4WD
2000,Suzuki,Grand Vitara,Limited 4dr SUV
2000,Suzuki,Grand Vitara,JLX 4dr SUV 4WD
2000,Suzuki,Grand Vitara,JLS 4dr SUV
2000,Suzuki,Esteem,GLX 4dr Sedan
2000,Suzuki,Esteem,GL 4dr Wagon
2000,Suzuki,Esteem,GL 4dr Sedan
2000,Suzuki,Esteem,GLX 4dr Wagon
2000,Suzuki,Vitara,JLX 4dr SUV 4WD
2000,Suzuki,Vitara,JX 4dr SUV 4WD
2000,Suzuki,Vitara,JLX 2dr SUV 4WD
2000,Suzuki,Vitara,JLS 4dr SUV
2000,Suzuki,Vitara,JS 4dr SUV
2000,Suzuki,Vitara,JX 2dr SUV 4WD w/Soft Top
2000,Suzuki,Vitara,JS 2dr SUV w/Soft Top
2000,Suzuki,Vitara,JLS 2dr SUV
2000,Toyota,Camry Solara,SE 2dr Convertible
2000,Toyota,Camry Solara,SE V6 2dr Convertible
2000,Toyota,Camry Solara,SLE V6 2dr Convertible
2000,Toyota,Camry Solara,SE V6 2dr Coupe
2000,Toyota,Camry Solara,SLE V6 2dr Coupe
2000,Toyota,Camry Solara,SE 2dr Coupe
2000,Toyota,MR2 Spyder,2dr Convertible
2000,Toyota,Tacoma,2dr Extended Cab SB
2000,Toyota,Tacoma,PreRunner 2dr Extended Cab SB
2000,Toyota,Tacoma,PreRunner 2dr Regular Cab SB
2000,Toyota,Tacoma,2dr Extended Cab 4WD SB
2000,Toyota,Tacoma,SR5 V6 2dr Extended Cab 4WD SB
2000,Toyota,Tacoma,V6 2dr Extended Cab SB
2000,Toyota,Tacoma,2dr Regular Cab 4WD SB
2000,Toyota,Tacoma,Limited 2dr Extended Cab 4WD SB
2000,Toyota,Tacoma,SR5 2dr Extended Cab 4WD SB
2000,Toyota,Tacoma,SR5 V6 2dr Extended Cab SB
2000,Toyota,Tacoma,PreRunner V6 2dr Extended Cab SB
2000,Toyota,Tacoma,V6 2dr Extended Cab 4WD SB
2000,Toyota,Tacoma,SR5 2dr Extended Cab SB
2000,Toyota,Tacoma,2dr Regular Cab SB
2000,Toyota,Land Cruiser,4dr SUV 4WD
2000,Toyota,Camry,LE V6 4dr Sedan
2000,Toyota,Camry,XLE 4dr Sedan
2000,Toyota,Camry,CE 4dr Sedan
2000,Toyota,Camry,LE 4dr Sedan
2000,Toyota,Camry,XLE V6 4dr Sedan
2000,Toyota,Celica,GT-S 2dr Hatchback
2000,Toyota,Celica,GT 2dr Hatchback
2000,Toyota,Sienna,CE 3dr Minivan
2000,Toyota,Sienna,LE 4dr Minivan
2000,Toyota,Sienna,XLE 4dr Minivan
2000,Toyota,ECHO,2dr Coupe
2000,Toyota,ECHO,4dr Sedan
2000,Toyota,Corolla,LE 4dr Sedan
2000,Toyota,Corolla,CE 4dr Sedan
2000,Toyota,Corolla,VE 4dr Sedan
2000,Toyota,RAV4,L Special Edition 4dr SUV
2000,Toyota,RAV4,4dr SUV AWD
2000,Toyota,RAV4,L Special Edition 4dr SUV AWD
2000,Toyota,RAV4,4dr SUV
2000,Toyota,4Runner,Limited 4dr SUV
2000,Toyota,4Runner,Limited 4dr SUV 4WD
2000,Toyota,4Runner,SR5 4dr SUV 4WD
2000,Toyota,4Runner,4dr SUV
2000,Toyota,4Runner,SR5 4dr SUV
2000,Toyota,4Runner,4dr SUV 4WD
2000,Toyota,Avalon,XLS 4dr Sedan
2000,Toyota,Avalon,XL 4dr Sedan
2000,Toyota,Tundra,SR5 V8 2dr Regular Cab 4WD LB
2000,Toyota,Tundra,SR5 V8 4dr Extended Cab SB
2000,Toyota,Tundra,SR5 V6 2dr Regular Cab 4WD LB
2000,Toyota,Tundra,SR5 V6 4dr Extended Cab SB
2000,Toyota,Tundra,2dr Regular Cab LB
2000,Toyota,Tundra,SR5 V8 4dr Extended Cab 4WD SB
2000,Toyota,Tundra,Limited 4dr Extended Cab 4WD SB
2000,Toyota,Tundra,SR5 V6 4dr Extended Cab 4WD SB
2000,Toyota,Tundra,Limited 4dr Extended Cab SB
2000,Volkswagen,Golf,GL 2dr Hatchback
2000,Volkswagen,Golf,GLS 1.8T Turbo 4dr Hatchback
2000,Volkswagen,Golf,GLS TDi 4dr Hatchback
2000,Volkswagen,Golf,GLS 4dr Hatchback
2000,Volkswagen,Golf,GL TDi 2dr Hatchback
2000,Volkswagen,New Beetle,GLX 1.8T Turbo 2dr Hatchback
2000,Volkswagen,New Beetle,GLS 1.8T Turbo 2dr Hatchback
2000,Volkswagen,New Beetle,GLS 2dr Hatchback
2000,Volkswagen,New Beetle,GLS TDi 2dr Hatchback
2000,Volkswagen,New Beetle,GL 2dr Hatchback
2000,Volkswagen,EuroVan,GLS 3dr Minivan
2000,Volkswagen,EuroVan,MV 3dr Minivan
2000,Volkswagen,Jetta,GLS 1.8T Turbo 4dr Sedan
2000,Volkswagen,Jetta,GLX VR6 4dr Sedan
2000,Volkswagen,Jetta,GLS TDi 4dr Sedan
2000,Volkswagen,Jetta,GLS 4dr Sedan
2000,Volkswagen,Jetta,GL 4dr Sedan
2000,Volkswagen,Jetta,GLS VR6 4dr Sedan
2000,Volkswagen,Jetta,GL TDi 4dr Sedan
2000,Volkswagen,Cabrio,GLS 2dr Convertible
2000,Volkswagen,Cabrio,GL 2dr Convertible
2000,Volkswagen,Passat,GLS V6 4Motion 4dr Sedan AWD
2000,Volkswagen,Passat,GLS V6 4dr Sedan
2000,Volkswagen,Passat,GLS V6 4Motion 4dr Wagon AWD
2000,Volkswagen,Passat,GLX V6 4dr Sedan
2000,Volkswagen,Passat,GLS 1.8T Turbo 4dr Wagon
2000,Volkswagen,Passat,GLX V6 4Motion 4dr Wagon AWD
2000,Volkswagen,Passat,GLS V6 4dr Wagon
2000,Volkswagen,Passat,GLX V6 4Motion 4dr Sedan AWD
2000,Volkswagen,Passat,GLX V6 4dr Wagon
2000,Volkswagen,Passat,GLS 1.8T Turbo 4dr Sedan
2000,Volkswagen,GTI,GLX VR6 2dr Hatchback
2000,Volkswagen,GTI,GLS 1.8T Turbo 2dr Hatchback
2000,Volkswagen,GTI,GLS 2dr Hatchback
2000,Volvo,S70,4dr Sedan
2000,Volvo,S70,Turbo 4dr Sedan AWD
2000,Volvo,S70,GLT SE Turbo 4dr Sedan
2000,Volvo,S70,GLT Turbo 4dr Sedan
2000,Volvo,S70,T5 Turbo 4dr Sedan
2000,Volvo,S70,SE 4dr Sedan
2000,Volvo,S80,2.9 4dr Sedan
2000,Volvo,S80,T6 Turbo 4dr Sedan
2000,Volvo,V40,4dr Wagon
2000,Volvo,S40,Turbo 4dr Sedan
2000,Volvo,V70,XC SE Turbo 4dr Wagon AWD
2000,Volvo,V70,SE 4dr Wagon
2000,Volvo,V70,4dr Wagon
2000,Volvo,V70,XC 4dr Wagon AWD
2000,Volvo,V70,R Turbo 4dr Wagon AWD
2000,Volvo,V70,GLT Turbo 4dr Wagon
2000,Volvo,C70,HT Turbo 2dr Coupe
2000,Volvo,C70,LT 2dr Coupe
2000,Volvo,C70,HT Turbo 2dr Convertible
2000,Volvo,C70,LT Turbo 2dr Convertible
